flightnum,cancellation_count
4225,127
529,122
301,110
325,98
360,98
4105,98
1783,97
4104,94
2344,94
23,92
382,90
1685,90
30,89
653,86
538,85
1170,84
4402,84
824,84
2292,84
4351,83
628,83
370,82
4466,82
64,82
455,81
152,81
4331,80
373,80
20,80
539,80
4206,80
4157,79
1212,78
1719,78
4178,78
4381,78
1430,78
372,78
25,78
884,77
1609,77
425,77
4134,76
1020,76
41,76
4142,76
1287,76
637,75
469,75
4099,75
354,75
493,75
601,75
439,75
407,75
5035,75
4445,75
4120,74
1026,74
1219,74
361,73
1637,73
4394,73
543,73
4550,73
4218,73
4849,73
1114,73
4271,73
4240,72
5442,72
1123,72
368,72
667,72
530,72
1551,71
690,71
1730,71
438,71
1023,71
1618,71
364,71
470,70
1447,70
1445,70
631,70
1584,70
716,70
31,70
1628,70
1423,69
14,69
4107,69
151,69
656,69
831,69
28,69
532,68
4993,68
542,68
467,68
1583,68
4419,68
4098,68
4311,68
4823,67
629,67
162,67
297,67
1929,67
515,67
1201,67
4089,67
4792,67
627,67
4509,66
11,66
650,66
489,66
732,66
4086,66
342,66
4340,66
418,66
501,66
4820,65
1620,65
1213,65
4513,65
1789,65
1139,65
516,65
4108,65
4093,65
1210,65
4130,65
649,65
776,65
4853,65
138,65
540,64
4207,64
1140,64
4365,64
3216,64
450,64
836,64
141,64
1065,64
1086,63
5479,63
1816,63
1803,63
525,63
509,63
4113,63
1226,63
1449,63
654,63
1640,63
648,62
708,62
4087,62
4564,62
1085,62
1152,62
378,62
852,62
5863,62
4437,62
1223,62
3716,62
4803,62
163,62
505,62
1448,62
833,62
743,62
584,62
2328,61
524,61
1258,61
731,61
557,61
4414,61
287,61
179,61
688,61
878,61
5805,61
1204,61
1216,61
4429,61
353,60
484,60
33,60
276,60
611,60
4203,60
1784,60
386,60
4228,60
1664,60
522,60
1028,60
4327,60
337,60
296,60
3257,59
769,59
65,59
4659,59
1184,59
4514,59
518,59
775,59
4131,59
930,59
617,59
1175,59
1407,59
1593,59
706,59
2396,59
4446,59
1632,59
1083,59
374,59
68,58
224,58
133,58
190,58
683,58
250,58
4367,58
4251,58
351,58
608,58
1745,58
4387,58
412,58
730,58
487,58
217,58
4128,58
352,58
1048,58
448,58
1622,57
1149,57
317,57
1082,57
6218,57
3904,57
687,57
1605,57
496,57
159,57
858,57
476,57
357,57
491,57
1109,57
4372,57
4511,57
4418,57
1044,57
1489,57
340,56
4237,56
744,56
615,56
2357,56
436,56
4111,56
3,56
926,56
26,56
4275,56
660,56
61,56
443,56
1639,56
646,56
485,56
303,56
232,56
1450,56
774,56
537,56
546,56
338,56
237,55
228,55
695,55
1577,55
1726,55
1019,55
226,55
4561,55
795,55
507,55
4214,55
1220,55
44,55
424,55
4786,55
119,55
662,55
472,55
1615,55
4088,55
1930,54
4319,54
569,54
101,54
4652,54
753,54
1209,54
783,54
1130,54
874,54
4400,54
4154,54
659,54
1643,54
4287,54
1158,53
1718,53
4546,53
234,53
1511,53
293,53
366,53
634,53
697,53
4811,53
270,53
772,53
894,53
4165,53
1604,53
1732,53
4333,53
4193,53
1692,53
4444,53
778,53
269,53
223,53
4133,53
1734,53
1261,53
873,52
536,52
465,52
2491,52
510,52
1155,52
645,52
1855,52
1137,52
1404,52
104,52
392,52
4208,52
4425,52
1183,52
4085,52
533,52
341,52
680,52
760,52
1806,52
1409,52
1084,52
1215,52
574,52
4305,52
1014,52
4226,52
1427,52
2224,52
408,51
1164,51
866,51
153,51
4121,51
1225,51
4124,51
4294,51
2338,51
6025,51
604,51
890,51
4326,51
321,51
256,51
4717,51
531,51
4091,51
4293,51
4352,51
699,51
490,51
1154,51
1291,51
1706,51
383,51
277,51
1161,51
1125,51
89,51
641,51
4103,51
4626,51
283,51
59,51
144,50
655,50
143,50
4264,50
545,50
521,50
4413,50
877,50
4859,50
702,50
1256,50
62,50
415,50
4384,50
2665,50
358,50
1406,50
3036,50
1494,50
728,50
198,50
426,50
369,50
32,50
421,50
794,50
18,49
5138,49
4144,49
822,49
362,49
427,49
580,49
1492,49
2968,49
4558,49
768,49
4243,49
4548,49
1064,49
592,49
2854,49
4318,49
5059,49
4373,49
1055,49
1819,49
12,49
1966,49
710,49
1510,49
339,49
605,49
567,49
528,49
1119,49
1289,49
1151,49
919,49
4191,48
692,48
254,48
835,48
4259,48
4639,48
346,48
691,48
4084,48
245,48
963,48
1186,48
1408,48
881,48
566,48
359,48
1009,48
4188,48
1578,48
579,48
454,48
936,48
4537,48
322,48
1538,48
1523,48
1844,48
694,48
4204,48
4161,48
863,48
365,48
1076,48
1627,48
160,48
1249,47
1203,47
638,47
37,47
955,47
348,47
466,47
1680,47
997,47
1292,47
477,47
886,47
4209,47
1081,47
347,47
787,47
130,47
4246,47
96,47
4421,47
16,47
1657,47
4805,47
658,47
1293,47
596,47
4097,47
591,47
311,47
506,47
468,47
1603,47
2120,47
1588,47
1515,47
1825,47
390,47
42,47
4272,47
1177,46
1089,46
5088,46
4380,46
148,46
4114,46
561,46
752,46
853,46
4245,46
4508,46
1655,46
208,46
1548,46
350,46
4338,46
479,46
5551,46
3255,46
1867,46
251,46
1681,46
4493,46
568,46
1165,46
1208,46
932,46
27,46
4363,46
1228,46
870,46
499,46
192,46
4166,46
1621,46
1704,46
2070,46
657,46
294,46
698,46
2864,46
1199,46
2026,46
216,46
1221,46
1951,46
1402,46
122,46
4766,45
5846,45
1188,45
35,45
1788,45
4520,45
1280,45
456,45
4482,45
4379,45
1426,45
4397,45
1884,45
575,45
3930,45
2790,45
2383,45
355,45
4102,45
1933,45
381,45
4291,45
1792,45
1252,45
166,45
5447,45
5033,45
333,45
766,45
2479,45
345,45
4383,45
547,45
1010,45
1776,45
526,45
4135,45
49,45
1182,45
4129,45
1432,44
500,44
4646,44
4290,44
1168,44
820,44
4809,44
847,44
818,44
678,44
5371,44
1095,44
1030,44
1403,44
4875,44
1765,44
508,44
4547,44
1442,44
2080,44
2750,44
883,44
871,44
1421,44
624,44
892,44
1463,44
199,44
514,44
1290,44
131,44
4347,44
1270,44
4249,44
598,44
5440,44
411,44
1230,44
391,44
3900,44
1194,44
709,44
4257,44
4185,44
385,43
721,43
4810,43
636,43
861,43
4222,43
4221,43
2,43
230,43
2039,43
504,43
4202,43
583,43
186,43
1197,43
336,43
5400,43
622,43
855,43
4506,43
830,43
1251,43
1858,43
1529,43
180,43
700,43
4364,43
4155,43
712,43
754,43
4348,43
1138,43
132,43
457,43
720,43
614,43
4890,43
1815,43
1612,43
4230,43
1756,43
4395,43
4216,43
1103,43
2227,43
623,43
2042,43
4174,43
1635,43
520,43
1013,43
265,43
4138,43
480,43
215,43
1433,43
183,43
305,42
896,42
3280,42
4386,42
1099,42
134,42
558,42
1122,42
66,42
590,42
36,42
3261,42
4343,42
1132,42
779,42
1136,42
534,42
511,42
236,42
4745,42
1254,42
1520,42
4573,42
1608,42
3020,42
714,42
1522,42
986,42
2126,42
4,42
893,42
1924,42
1775,42
43,42
4776,42
1205,42
541,42
1624,42
73,42
252,42
1126,42
556,42
225,42
4911,42
4247,42
553,42
4389,42
60,42
481,42
527,42
430,41
701,41
4167,41
1752,41
4416,41
1780,41
1748,41
1491,41
723,41
1630,41
6854,41
102,41
314,41
1912,41
157,41
4647,41
685,41
1797,41
888,41
367,41
1400,41
285,41
1285,41
445,41
1965,41
603,41
4227,41
4754,41
4304,41
1571,41
2048,41
602,41
1952,41
915,41
1870,41
952,41
1677,41
1120,41
15,41
949,41
4501,41
1678,41
1570,41
417,41
4175,41
428,41
4285,41
431,41
4619,41
331,41
29,41
488,41
4815,41
1262,41
4325,41
4787,41
849,41
681,41
559,41
785,41
110,40
2778,40
2785,40
544,40
1963,40
292,40
1744,40
178,40
1275,40
4794,40
6019,40
1259,40
1061,40
1189,40
464,40
177,40
1591,40
1469,40
8,40
1954,40
1567,40
2575,40
4176,40
1253,40
552,40
48,40
1636,40
1042,40
661,40
1919,40
2030,40
1247,40
4286,40
960,40
1959,40
1214,40
1431,40
6,40
1820,40
652,40
196,40
1232,40
1750,40
804,40
201,40
1233,40
2027,40
663,40
1824,40
1260,40
460,39
1684,39
1631,39
1705,39
4189,39
4396,39
4420,39
494,39
95,39
5038,39
1826,39
1592,39
4574,39
674,39
312,39
846,39
51,39
319,39
139,39
2957,39
4566,39
1682,39
158,39
1127,39
2031,39
1411,39
332,39
1422,39
686,39
349,39
551,39
4863,39
4785,39
4146,39
975,39
1812,39
1024,39
1854,39
4876,39
1410,39
619,39
1274,39
1217,39
512,39
2033,39
4255,39
726,39
4292,39
4729,39
4112,39
2517,39
117,39
4900,39
4435,39
1005,39
4502,39
570,39
1277,39
797,38
1614,38
1715,38
554,38
140,38
400,38
4640,38
4231,38
612,38
249,38
1849,38
1724,38
264,38
5185,38
4653,38
1281,38
4248,38
205,38
1021,38
1746,38
1853,38
405,38
825,38
676,38
1003,38
4366,38
5751,38
6210,38
1872,38
817,38
684,38
1460,38
4265,38
473,38
1054,38
1758,38
127,38
4447,38
1051,38
121,38
4980,38
492,38
1877,38
1443,38
1153,38
843,38
2074,38
4835,38
587,38
5081,38
54,38
609,38
5845,38
290,38
1918,38
233,38
4563,37
261,37
1703,37
632,37
725,37
1747,37
563,37
1556,37
273,37
876,37
4205,37
857,37
4232,37
4158,37
815,37
432,37
4454,37
1672,37
2412,37
704,37
52,37
1131,37
398,37
4241,37
3947,37
376,37
4309,37
1454,37
1453,37
4789,37
195,37
895,37
4250,37
696,37
2034,37
4160,37
1156,37
616,37
4422,37
5812,37
1419,37
2336,37
231,37
1255,37
1424,37
573,37
4328,37
882,37
3074,37
1101,37
635,37
5,37
5207,37
1813,37
4196,37
1814,37
5348,37
1207,37
3243,37
4791,36
1134,36
2029,36
1807,36
437,36
1597,36
1053,36
642,36
722,36
1206,36
1874,36
423,36
550,36
1969,36
371,36
4162,36
4317,36
780,36
1654,36
4353,36
5766,36
1526,36
1088,36
1181,36
788,36
4604,36
523,36
578,36
238,36
839,36
1416,36
5105,36
1112,36
1714,36
39,36
4306,36
758,36
1528,36
4415,36
502,36
739,36
588,36
1027,36
394,36
275,36
1425,36
1876,36
4700,36
1237,36
741,36
4110,36
1,36
429,36
535,36
1264,36
647,36
869,36
4842,36
241,36
2774,36
475,36
4368,36
577,36
379,36
840,36
689,36
693,36
2345,36
5568,36
5675,36
1467,36
1465,35
1856,35
384,35
889,35
4964,35
1955,35
1555,35
45,35
2356,35
607,35
790,35
1162,35
1626,35
819,35
1115,35
651,35
1888,35
280,35
1610,35
92,35
203,35
81,35
6311,35
947,35
781,35
187,35
98,35
4358,35
1272,35
1671,35
748,35
4391,35
4307,35
1444,35
734,35
197,35
593,35
1060,35
1600,35
3948,35
1486,35
4345,35
837,35
621,35
124,35
1823,35
759,35
643,35
1869,35
4884,35
1128,35
1412,35
845,35
1479,35
1800,35
1006,35
1794,35
3713,35
1656,35
4392,35
1195,35
4101,35
4141,35
4408,35
2025,34
1477,34
1829,34
453,34
4748,34
221,34
244,34
4963,34
1696,34
120,34
1242,34
1762,34
856,34
47,34
116,34
4239,34
4462,34
4117,34
24,34
149,34
1828,34
397,34
1676,34
164,34
1773,34
4424,34
4132,34
868,34
5041,34
581,34
2319,34
129,34
1865,34
193,34
1811,34
1476,34
801,34
210,34
3956,34
872,34
1711,34
5894,34
1283,34
377,34
1934,34
1480,34
4126,34
5436,34
1832,34
1478,34
1166,34
746,34
4269,34
944,34
356,34
4966,34
1173,34
1927,34
188,34
440,34
791,34
4861,34
5009,34
212,34
1202,34
1799,34
447,34
4148,34
1727,34
4920,34
7,34
599,34
1801,34
422,34
5594,34
4868,34
204,33
4498,33
1097,33
682,33
1679,33
4280,33
1707,33
137,33
4644,33
1239,33
1883,33
1211,33
2137,33
4374,33
5626,33
4177,33
1034,33
2759,33
1033,33
1145,33
1441,33
934,33
1932,33
1070,33
1129,33
182,33
750,33
1121,33
4747,33
1651,33
1297,33
4150,33
875,33
259,33
40,33
6306,33
1093,33
2833,33
1192,33
6396,33
4314,33
992,33
1629,33
69,33
555,33
902,33
1915,33
4182,33
1568,33
441,33
751,33
4100,33
483,33
266,33
4242,33
1068,33
1560,33
1785,33
644,33
1840,33
2024,33
1782,33
942,33
4125,33
948,33
519,33
106,33
289,33
5071,33
1946,33
1185,33
1167,33
4955,33
4451,33
419,33
973,33
4279,33
763,32
1031,32
771,32
4942,32
459,32
978,32
1418,32
4470,32
4874,32
4712,32
4577,32
4883,32
626,32
2038,32
6029,32
2489,32
1998,32
1642,32
409,32
1778,32
4171,32
85,32
4050,32
5573,32
4106,32
4169,32
1673,32
1659,32
5342,32
1090,32
799,32
1827,32
1462,32
1601,32
1755,32
2044,32
705,32
782,32
243,32
5597,32
82,32
1536,32
5515,32
1702,32
2513,32
1016,32
1178,32
4503,32
4790,32
4858,32
6217,32
729,32
1001,32
3907,32
2076,32
4256,32
497,32
571,32
735,32
851,32
4213,32
2028,32
3683,32
344,32
828,32
1243,32
1507,32
2043,32
2047,32
4095,32
5469,32
4494,32
807,32
278,32
1472,32
5828,32
2638,32
4829,32
4277,32
931,32
2078,32
1830,32
461,32
4312,32
4096,32
859,32
5219,31
1004,31
4854,31
1446,31
458,31
1777,31
4538,31
5699,31
189,31
668,31
1077,31
1514,31
3260,31
1717,31
4179,31
2064,31
718,31
1725,31
762,31
586,31
4802,31
4649,31
486,31
4510,31
3138,31
5853,31
4562,31
1160,31
1193,31
4857,31
4793,31
5354,31
4282,31
4681,31
1094,31
972,31
1767,31
262,31
3936,31
1697,31
1925,31
302,31
2032,31
1891,31
733,31
4908,31
864,31
5606,31
4390,31
1917,31
1950,31
4500,31
1503,31
1278,31
4431,31
4922,31
961,31
3205,31
4678,31
442,31
55,31
395,31
433,31
107,31
222,31
1072,31
1105,31
327,31
3692,31
2600,31
613,31
4518,31
67,31
478,31
328,31
4919,31
2003,31
1058,31
142,31
1881,31
2035,31
630,31
4948,31
4627,31
1861,31
765,31
679,31
3077,31
4172,31
4183,31
4599,31
4622,30
1787,30
891,30
206,30
671,30
126,30
1502,30
2171,30
413,30
995,30
56,30
1573,30
784,30
5547,30
4296,30
1011,30
330,30
100,30
639,30
2166,30
5122,30
803,30
925,30
941,30
1581,30
4723,30
214,30
727,30
2131,30
1574,30
414,30
595,30
135,30
597,30
2037,30
1246,30
1025,30
1106,30
1754,30
1822,30
4720,30
2315,30
4267,30
2041,30
4739,30
5570,30
1420,30
4465,30
897,30
3175,30
1940,30
5820,30
4428,30
406,30
6300,30
3932,30
850,30
4719,30
1532,30
2183,30
4533,30
1667,30
3670,30
4423,30
1617,30
309,30
1665,30
958,30
3961,30
4356,30
401,30
1484,30
4800,30
3901,30
1227,29
2167,29
793,29
670,29
1501,29
4212,29
191,29
5536,29
1860,29
4567,29
814,29
5157,29
3743,29
4870,29
219,29
1116,29
879,29
633,29
1587,29
4761,29
4560,29
1196,29
1834,29
1234,29
284,29
1032,29
4109,29
2355,29
1481,29
1267,29
3677,29
1958,29
260,29
3980,29
1896,29
821,29
3988,29
1171,29
1474,29
4159,29
4708,29
4038,29
3909,29
1691,29
2040,29
211,29
5110,29
4310,29
6197,29
1572,29
2675,29
1159,29
2161,29
5834,29
474,29
2956,29
5129,29
1534,29
2128,29
46,29
242,29
1716,29
1547,29
4299,29
3935,29
4295,29
4278,29
610,29
1749,29
1731,29
77,29
1091,29
745,29
1509,29
1284,29
1231,29
1133,29
1818,29
1847,29
4972,29
1561,29
4211,29
5314,29
482,28
3664,28
88,28
967,28
2002,28
1964,28
1470,28
3960,28
1771,28
1791,28
1859,28
4651,28
1902,28
1108,28
1263,28
1098,28
202,28
4303,28
844,28
4404,28
4388,28
21,28
1439,28
4565,28
229,28
5126,28
5507,28
4677,28
308,28
6970,28
6301,28
1542,28
1268,28
738,28
4743,28
19,28
848,28
4968,28
4217,28
1921,28
6016,28
4075,28
4147,28
4784,28
1722,28
1871,28
4648,28
38,28
1882,28
2138,28
4398,28
1045,28
63,28
4354,28
2602,28
295,28
3673,28
5220,28
78,28
5598,28
495,28
987,28
1694,28
816,28
4180,28
4145,28
4136,28
625,28
1179,28
316,28
923,28
985,28
10,28
589,28
310,28
324,28
1728,28
2193,28
1634,28
1269,28
1146,28
3005,28
3993,28
4315,28
1198,28
4804,28
1457,28
2433,28
5254,28
1967,28
4123,28
498,28
1008,28
2996,28
1229,28
1833,28
125,28
994,28
4260,28
103,28
4699,28
5152,28
1041,28
562,28
4190,28
1250,28
2057,28
4198,28
4886,28
4452,28
1512,28
4474,28
91,28
1546,28
274,28
4342,28
640,28
1111,28
904,28
1087,28
4869,28
6027,28
1435,28
953,27
4735,27
2133,27
200,27
444,27
5549,27
4361,27
239,27
3982,27
564,27
862,27
1157,27
5111,27
2890,27
4195,27
1616,27
279,27
4862,27
4122,27
6256,27
4879,27
832,27
3780,27
1589,27
3685,27
5268,27
1200,27
3721,27
1913,27
707,27
3717,27
169,27
299,27
3052,27
4860,27
5392,27
118,27
1265,27
1662,27
1708,27
4370,27
1962,27
1981,27
2075,27
770,27
1886,27
6790,27
5097,27
4682,27
1043,27
1017,27
1047,27
1062,27
4471,27
4357,27
1428,27
4115,27
2160,27
3669,27
3678,27
194,27
1012,27
1174,27
4336,27
4724,27
75,27
5470,27
404,27
4236,27
4118,27
809,27
306,27
5764,27
2403,27
4755,27
387,27
4215,27
4320,27
1417,27
5267,27
4359,27
1550,27
156,27
5293,27
823,27
4181,27
4788,27
136,27
1552,27
3874,27
1879,27
1142,27
146,27
1124,27
2022,27
4337,27
1669,27
1733,27
1482,27
5155,27
313,27
675,27
1559,27
1687,27
1922,27
4385,27
4090,27
380,27
3244,27
3227,27
4007,26
1135,26
1805,26
1850,26
4316,26
4757,26
4866,26
5206,26
548,26
842,26
513,26
267,26
1282,26
1294,26
4707,26
1279,26
2752,26
3715,26
4442,26
1890,26
4289,26
4430,26
3026,26
2828,26
6841,26
979,26
703,26
4254,26
740,26
1238,26
5209,26
22,26
288,26
5285,26
451,26
4339,26
4369,26
4472,26
3705,26
1770,26
5861,26
4827,26
1742,26
4376,26
2018,26
4244,26
2134,26
123,26
549,26
5441,26
1531,26
4765,26
756,26
2376,26
3985,26
4918,26
5809,26
4716,26
1720,26
3989,26
2004,26
4635,26
5803,26
315,26
909,26
572,26
4481,26
2967,26
4139,26
5548,26
1415,26
6651,26
1299,26
4223,26
416,26
343,26
147,26
6212,26
4504,26
860,26
1401,26
1700,26
1434,26
792,26
4585,26
585,26
5435,26
3078,26
246,26
1741,26
2036,26
5830,26
1866,26
976,26
4783,26
128,26
4284,26
320,26
4443,26
5225,25
6718,25
2121,25
1102,25
4532,25
171,25
1911,25
4052,25
4409,25
4434,25
5762,25
5815,25
620,25
1063,25
865,25
910,25
4704,25
375,25
1037,25
403,25
2072,25
463,25
2428,25
1257,25
1475,25
1273,25
736,25
4517,25
1709,25
4313,25
3972,25
389,25
1901,25
1961,25
3691,25
1286,25
4749,25
1848,25
3213,25
3952,25
4266,25
4655,25
4694,25
4756,25
5201,25
6740,25
1810,25
271,25
281,25
1110,25
1244,25
677,25
1772,25
4017,25
4846,25
83,25
1908,25
5261,25
5058,25
1638,25
6882,25
4727,25
72,25
4127,25
2699,25
1516,25
1049,25
3906,25
1022,25
1059,25
4405,25
155,25
1851,25
6084,25
282,25
5546,25
4163,25
600,25
811,25
4116,25
3888,25
4822,25
711,25
672,25
3618,25
4834,25
4782,25
1176,25
4355,25
1100,25
58,25
901,25
606,25
5817,25
1092,25
4837,25
3267,25
3939,25
5082,25
4609,25
6192,25
4137,25
4323,25
5060,25
1222,25
2147,25
3172,25
1468,25
1485,24
3938,24
5407,24
1735,24
3745,24
1554,24
4734,24
1487,24
773,24
905,24
3941,24
3270,24
4847,24
4818,24
3953,24
5728,24
2122,24
3986,24
2019,24
4828,24
2140,24
2185,24
594,24
1880,24
1868,24
4813,24
176,24
1647,24
4330,24
4140,24
1236,24
1602,24
4856,24
1052,24
1956,24
1530,24
3949,24
1606,24
4650,24
6223,24
5840,24
5167,24
2640,24
5322,24
1071,24
2619,24
5689,24
4074,24
3957,24
5832,24
3835,24
2694,24
1557,24
1857,24
1947,24
1786,24
363,24
4865,24
1438,24
4779,24
1948,24
4586,24
4726,24
715,24
5786,24
1611,24
5032,24
6836,24
1240,24
4673,24
4736,24
2023,24
4807,24
2050,24
1821,24
2903,24
323,24
5712,24
5799,24
420,24
5711,24
1148,24
2632,24
1663,24
1831,24
2046,24
84,24
929,24
5084,24
50,24
471,24
2348,24
4516,24
2084,24
1625,24
4274,24
112,24
4341,24
3830,24
399,24
1920,24
1986,24
2009,24
2231,24
2653,24
329,24
4620,24
4740,24
4775,24
5028,24
393,24
108,24
1566,24
2135,24
5139,24
1928,24
5746,24
673,24
3173,24
713,24
2943,24
1483,24
1035,24
1113,24
2092,24
2442,24
6828,24
2168,24
1224,24
4023,24
6958,24
2082,24
1296,24
5346,23
1713,23
4535,23
263,23
2521,23
4377,23
4688,23
1798,23
446,23
1686,23
3792,23
4814,23
3398,23
1493,23
2450,23
175,23
1075,23
5411,23
209,23
318,23
70,23
921,23
5579,23
4057,23
964,23
5257,23
1235,23
5127,23
1808,23
5821,23
5056,23
4616,23
4252,23
4801,23
2125,23
4119,23
3425,23
4662,23
954,23
3819,23
2423,23
5091,23
1944,23
4194,23
5464,23
2656,23
1916,23
235,23
3686,23
4591,23
4605,23
3903,23
1779,23
1945,23
1057,23
3958,23
1953,23
4878,23
1436,23
172,23
2667,23
3990,23
5833,23
1036,23
3010,23
1533,23
1633,23
2229,23
4631,23
167,23
5511,23
5325,23
145,23
3973,23
956,23
1926,23
3987,23
3312,23
105,23
1893,23
3910,23
4220,23
174,23
1073,23
957,23
3928,23
2480,23
1248,23
1440,23
4334,23
3037,23
4450,23
834,23
2016,23
4301,23
4816,23
4439,23
898,23
887,23
2534,23
4885,23
4276,23
1266,23
1843,23
1590,22
4798,22
6260,22
3731,22
1104,22
2325,22
991,22
724,22
388,22
150,22
5581,22
2753,22
933,22
1594,22
3791,22
1466,22
5334,22
5200,22
3142,22
3374,22
1693,22
3681,22
5108,22
4072,22
618,22
1795,22
796,22
5589,22
5065,22
2394,22
5233,22
298,22
789,22
1802,22
2221,22
1751,22
2360,22
968,22
181,22
5818,22
3905,22
2868,22
4475,22
1753,22
1790,22
4692,22
5284,22
2301,22
434,22
76,22
4844,22
1650,22
2902,22
2172,22
5232,22
1698,22
2358,22
5793,22
4092,22
903,22
2158,22
1079,22
272,22
79,22
928,22
5651,22
3994,22
3963,22
5292,22
1527,22
3283,22
452,22
2316,22
2206,22
2477,22
1935,22
227,22
3153,22
829,22
87,22
3885,22
449,22
2130,22
2372,22
4611,22
1941,22
1451,22
2483,22
2524,22
4641,22
4881,22
5263,22
5685,22
1461,22
1377,22
1931,22
291,22
402,22
1015,22
996,21
1118,21
1429,21
1519,21
185,21
2332,21
3690,21
3693,21
4683,21
4780,21
5569,21
1863,21
935,21
3720,21
4559,21
1190,21
6209,21
2267,21
1107,21
1564,21
838,21
1580,21
939,21
435,21
4721,21
4806,21
5498,21
4709,21
4066,21
974,21
74,21
4507,21
2470,21
6020,21
3476,21
1641,21
3116,21
1842,21
4541,21
5274,21
1396,21
1545,21
2414,21
517,21
1078,21
1768,21
2597,21
3689,21
258,21
3942,21
4799,21
257,21
5046,21
4491,21
1960,21
6216,21
1674,21
2020,21
3950,21
4258,21
5684,21
4263,21
4149,21
5177,21
4715,21
173,21
4512,21
1464,21
6860,21
3837,21
1723,21
1392,21
1763,21
3053,21
4901,21
3709,21
1504,21
945,21
4449,21
1759,21
1599,21
4457,21
4628,21
3068,21
304,21
5303,21
1817,21
6236,21
1710,21
1066,21
4661,21
4268,21
3872,21
4642,21
4448,21
1295,21
970,21
2349,21
3764,21
1506,21
4944,21
4702,21
2260,21
253,21
4469,21
1957,21
4060,21
4497,21
3139,21
3943,21
3166,21
5319,20
1585,20
802,20
938,20
4433,20
6410,20
4817,20
1172,20
1508,20
4882,20
1329,20
4623,20
4238,20
2014,20
4349,20
1050,20
805,20
34,20
1994,20
2170,20
5255,20
3747,20
2187,20
2984,20
4954,20
4657,20
4053,20
4192,20
3004,20
1914,20
6022,20
9,20
4967,20
3831,20
749,20
3851,20
2114,20
2119,20
1473,20
2175,20
335,20
2726,20
2669,20
854,20
4746,20
4891,20
1889,20
2243,20
2210,20
1163,20
5484,20
5287,20
3981,20
2178,20
1321,20
981,20
937,20
240,20
4461,20
2744,20
6434,20
4233,20
4187,20
4645,20
2310,20
5394,20
6972,20
5237,20
3965,20
576,20
2005,20
764,20
6840,20
3793,20
1910,20
742,20
2045,20
1390,20
111,20
4523,20
4056,20
1080,20
4889,20
3966,20
4201,20
1524,20
3992,20
1495,20
5074,20
5052,20
6818,20
582,20
4781,20
3700,20
3718,20
560,20
1769,20
1040,20
4907,20
812,20
53,20
1757,20
1499,20
3421,20
5352,20
5814,20
6888,20
5588,20
1586,20
3167,20
4026,20
2430,20
2169,20
924,20
4344,20
3695,20
3684,20
1619,20
1903,20
80,20
665,20
6294,20
2451,20
980,20
4797,20
4614,20
4555,20
1645,20
4008,20
6308,20
2049,20
4741,20
2173,20
2274,20
2094,20
2124,20
2176,20
5151,20
4531,20
1739,20
2142,20
1147,19
2065,19
6215,19
1539,19
1976,19
2406,19
1074,19
3492,19
3189,19
5763,19
4186,19
1029,19
6102,19
2458,19
4695,19
989,19
5710,19
1999,19
4643,19
4412,19
2248,19
5199,19
3180,19
5404,19
3921,19
4005,19
3995,19
2411,19
5542,19
1562,19
1456,19
1997,19
4297,19
3920,19
1271,19
3850,19
3892,19
1623,19
4273,19
5136,19
5732,19
5797,19
3814,19
4730,19
4153,19
165,19
2743,19
2931,19
4476,19
3719,19
1067,19
4950,19
3927,19
4663,19
4536,19
5072,19
1649,19
4152,19
5800,19
3884,19
1743,19
4855,19
2001,19
993,19
2052,19
808,19
1241,19
2276,19
2055,19
4685,19
4453,19
3908,19
1245,19
2217,19
3869,19
3357,19
2407,19
1699,19
3162,19
1518,19
109,19
908,19
2010,19
4032,19
4378,19
4625,19
4612,19
1298,19
4406,19
5278,19
4667,19
1496,19
4698,19
3281,19
2068,19
462,19
3676,19
2507,19
3250,19
1845,19
2947,19
2305,19
1069,19
1413,19
2695,19
2463,19
3967,19
3834,19
6838,19
2021,19
3785,19
1452,19
1569,19
3833,19
5362,19
5266,19
2874,19
6246,19
5296,19
1666,19
2197,19
5062,19
168,19
4515,19
4872,18
5637,18
5031,18
1873,18
6738,18
2418,18
3416,18
2136,18
4607,18
2879,18
2427,18
2373,18
5258,18
3242,18
5745,18
4210,18
1500,18
3356,18
410,18
2568,18
5148,18
2238,18
2146,18
6229,18
3687,18
4219,18
3714,18
5096,18
669,18
4143,18
4455,18
6046,18
1737,18
3179,18
2671,18
3694,18
2955,18
6098,18
3403,18
5416,18
5214,18
3940,18
4031,18
1414,18
965,18
4759,18
1975,18
1675,18
4505,18
3308,18
2162,18
4687,18
4013,18
5866,18
5659,18
1835,18
3526,18
5262,18
113,18
4411,18
969,18
1949,18
3119,18
1276,18
5825,18
6109,18
6976,18
2139,18
4059,18
4825,18
6177,18
5736,18
6268,18
4812,18
6819,18
4832,18
6661,18
1343,18
5850,18
4234,18
1563,18
5446,18
5564,18
2155,18
6264,18
6030,18
916,18
6842,18
2015,18
4656,18
1517,18
5854,18
1405,18
5197,18
4464,18
2059,18
5775,18
5312,18
5280,18
3879,18
5654,18
5702,18
3171,18
1595,18
4999,18
3979,18
5205,18
755,18
959,18
1180,18
1353,18
1761,18
2731,18
3070,18
5163,18
5471,18
4028,18
1658,18
5302,18
503,18
4850,18
2286,18
3375,18
6242,17
3991,17
1596,17
4772,17
2475,17
810,17
5037,17
1898,17
1836,17
4871,17
6796,17
1575,17
4184,17
3857,17
5244,17
5449,17
6204,17
3258,17
5837,17
5019,17
2820,17
2892,17
5595,17
3870,17
3946,17
3955,17
4024,17
4224,17
5085,17
5517,17
3080,17
4332,17
268,17
6305,17
1549,17
4375,17
2086,17
1721,17
5851,17
3964,17
4969,17
2972,17
4371,17
3829,17
1689,17
5819,17
3798,17
5067,17
5406,17
6890,17
6438,17
4764,17
4666,17
2123,17
4463,17
4288,17
757,17
3827,17
3811,17
2073,17
2555,17
4362,17
565,17
2151,17
4079,17
154,17
5488,17
2710,17
988,17
1187,17
3081,17
4168,17
990,17
3352,17
5410,17
2083,17
1648,17
1652,17
3915,17
5729,17
2164,17
4534,17
2682,17
5128,17
2474,17
5021,17
3282,17
4582,17
1525,17
4654,17
4838,17
4958,17
4753,17
5545,17
1558,17
5356,17
6190,17
3962,17
5604,17
114,17
4441,17
334,17
2737,17
4579,17
2482,17
2978,17
99,17
3008,17
1144,17
4593,17
2572,17
1541,17
3712,17
2063,17
4298,17
6402,17
4636,17
2807,17
4012,17
5306,17
2574,17
5531,17
4417,17
5357,17
1359,17
2883,17
2471,17
4235,17
4914,17
6121,17
5095,17
3728,17
5886,17
4360,17
1712,17
1973,17
1288,17
2117,16
2008,16
6176,16
6853,16
2472,16
3169,16
5841,16
5333,16
3836,16
4018,16
6322,16
4049,16
4055,16
4458,16
6708,16
3749,16
1565,16
4906,16
885,16
2097,16
2374,16
1540,16
5369,16
5143,16
1838,16
5543,16
3359,16
4382,16
4200,16
6835,16
5522,16
1471,16
5561,16
5584,16
3998,16
4569,16
4329,16
4281,16
2296,16
6018,16
1355,16
1766,16
5359,16
3667,16
4011,16
6908,16
5769,16
5679,16
2352,16
2182,16
3871,16
1841,16
5580,16
5733,16
4010,16
2895,16
286,16
1683,16
1905,16
5024,16
5121,16
1653,16
5445,16
4852,16
5737,16
6238,16
6417,16
2919,16
2180,16
977,16
255,16
920,16
4602,16
3467,16
5550,16
1002,16
1169,16
1695,16
4068,16
3959,16
3114,16
5393,16
3668,16
5454,16
1668,16
1497,16
1553,16
3176,16
3120,16
4959,16
2891,16
3951,16
2767,16
1117,16
2646,16
4725,16
4617,16
4777,16
5709,16
5203,16
4014,16
2915,16
86,16
93,16
1878,16
1992,16
1644,16
4083,16
4985,16
1056,16
1988,16
5186,16
2266,16
4926,16
4027,16
2007,16
2696,16
6825,16
3933,16
4253,16
4669,16
4071,16
5047,16
1987,16
6171,16
6214,16
3232,16
3708,16
1150,16
826,16
6951,16
6440,16
2370,16
6247,16
5784,16
5120,16
4489,16
4006,16
1141,16
3402,16
1488,16
6152,16
5826,16
4519,16
6284,16
3234,16
4584,16
6696,16
2655,16
4043,16
1191,16
3808,16
3675,16
1862,16
2060,16
4925,15
2053,15
5307,15
1983,15
1982,15
5563,15
2250,15
2282,15
2393,15
5804,15
4035,15
1942,15
3954,15
5216,15
6032,15
3436,15
4270,15
3682,15
170,15
2822,15
5693,15
6021,15
3275,15
6615,15
1543,15
806,15
4703,15
4679,15
2437,15
2225,15
1738,15
6923,15
4939,15
1885,15
4589,15
5906,15
2561,15
4478,15
2758,15
3038,15
1018,15
6604,15
1661,15
2317,15
3212,15
917,15
2649,15
1979,15
248,15
6609,15
3486,15
1923,15
5112,15
719,15
5704,15
5107,15
3724,15
5064,15
2462,15
6967,15
2066,15
1729,15
5221,15
5677,15
3508,15
4902,15
5079,15
1701,15
3755,15
5100,15
3612,15
6279,15
6917,15
3923,15
943,15
2341,15
2278,15
3902,15
3919,15
3877,15
300,15
5341,15
5535,15
6887,15
6808,15
2995,15
5601,15
2537,15
3787,15
3828,15
4888,15
3925,15
4199,15
4941,15
2818,15
3094,15
3262,15
4706,15
5178,15
1740,15
6161,15
6986,15
3704,15
3126,15
2824,15
2432,15
6271,15
2061,15
1980,15
841,15
907,15
6026,15
4036,15
6307,15
962,15
4987,15
1576,15
2540,15
4069,15
2297,15
218,15
1535,15
2279,15
1344,15
1311,15
3353,15
5040,15
1039,15
4588,15
5022,15
983,15
6626,15
4951,15
2768,15
4261,15
2607,15
1458,15
5166,15
4684,15
3064,15
3088,15
4840,15
4322,14
2454,14
2321,14
951,14
4621,14
4080,14
5761,14
4170,14
2493,14
71,14
5451,14
5422,14
4946,14
4962,14
3611,14
6211,14
3580,14
4335,14
4399,14
4003,14
4094,14
6864,14
3523,14
6337,14
5179,14
3011,14
1598,14
6436,14
3937,14
2378,14
2309,14
2631,14
2938,14
3259,14
2127,14
4410,14
4456,14
4485,14
1781,14
4710,14
3865,14
3014,14
6939,14
6657,14
5842,14
3931,14
3934,14
2392,14
1984,14
6028,14
2742,14
3079,14
4460,14
5315,14
5600,14
2085,14
5361,14
5852,14
1437,14
2835,14
798,14
1393,14
5316,14
3658,14
6129,14
2236,14
2262,14
880,14
3758,14
4324,14
3671,14
5586,14
1490,14
2711,14
5532,14
5168,14
5224,14
786,14
3364,14
3082,14
4484,14
2893,14
5596,14
2468,14
1646,14
4898,14
3832,14
3376,14
307,14
6083,14
5015,14
5282,14
2688,14
5658,14
5807,14
6220,14
4935,14
6424,14
6202,14
396,14
4932,14
4283,14
4427,14
5771,14
3688,14
2252,14
4082,14
5291,14
3582,14
6183,14
717,14
664,14
4713,14
971,14
1907,14
4938,14
3996,14
2443,14
2129,14
1544,14
3141,14
3127,14
6989,14
2340,14
998,14
1607,14
2582,14
2723,14
2906,14
3086,14
3223,14
3266,14
4262,14
4672,14
5002,14
5068,14
5544,14
3377,14
2165,14
5241,14
4037,14
3875,14
2391,14
5466,14
4054,14
2987,14
5154,14
6312,14
3174,14
2377,14
5020,14
5304,14
3736,14
2398,14
4583,13
2329,13
2323,13
3192,13
3766,13
3863,13
2156,13
4151,13
4467,13
5245,13
5329,13
5456,13
5491,13
6912,13
827,13
5664,13
3112,13
5680,13
3208,13
3021,13
3085,13
6767,13
6692,13
3435,13
5823,13
3320,13
2363,13
1690,13
6792,13
966,13
3367,13
1736,13
2205,13
2827,13
3087,13
3013,13
867,13
4795,13
6325,13
2951,13
3812,13
5681,13
3983,13
3512,13
4045,13
6255,13
5744,13
1352,13
2929,13
5380,13
2333,13
3665,13
6984,13
4638,13
5147,13
4686,13
2109,13
4576,13
5054,13
4544,13
3134,13
2449,13
3575,13
4568,13
5089,13
6670,13
5499,13
6408,13
4440,13
2845,13
1582,13
3867,13
3490,13
5475,13
6960,13
5767,13
5347,13
4839,13
4909,13
6310,13
3778,13
2765,13
6876,13
5811,13
3194,13
5208,13
2099,13
5276,13
3291,13
3211,13
2896,13
3148,13
3045,13
3630,13
4001,13
1774,13
1391,13
5251,13
6911,13
4487,13
5514,13
4522,13
2116,13
6806,13
3838,13
5720,13
6145,13
220,13
4660,13
6878,13
3527,13
6824,13
1000,13
1892,13
2733,13
3093,13
3754,13
3854,13
3922,13
4763,13
4975,13
5565,13
6017,13
6815,13
6996,13
3034,13
3177,13
4877,13
5652,13
5757,13
1513,13
5248,13
2806,13
3623,13
1897,13
2017,13
3945,13
2188,13
6866,13
6750,13
3674,13
3222,13
2380,13
6283,13
6233,13
3147,13
5864,13
5566,13
2577,13
2842,13
6178,13
3760,13
3365,13
3226,13
2303,13
6807,13
2177,13
4580,13
2880,13
3022,13
3159,13
3848,13
3862,13
2368,13
4556,13
4658,13
5415,13
5624,13
4833,12
5504,12
3155,12
3131,12
5210,12
5190,12
6641,12
761,12
6820,12
5657,12
2095,12
2077,12
6273,12
2817,12
4581,12
3235,12
1143,12
6811,12
6619,12
1371,12
6625,12
4675,12
3491,12
2674,12
3265,12
2417,12
5230,12
2203,12
3820,12
4752,12
3976,12
1989,12
17,12
4047,12
5513,12
4994,12
2285,12
4680,12
1521,12
2079,12
2756,12
4575,12
2448,12
3860,12
5036,12
3404,12
6468,12
3345,12
2299,12
5259,12
3997,12
3006,12
5339,12
3240,12
3697,12
5338,12
5181,12
3204,12
3300,12
2528,12
3313,12
2914,12
2132,12
3483,12
5073,12
4701,12
5794,12
4572,12
5731,12
4630,12
5289,12
5508,12
5723,12
5883,12
2522,12
3160,12
2311,12
3268,12
4665,12
4742,12
4553,12
3732,12
3015,12
5756,12
6324,12
1906,12
3739,12
3584,12
2118,12
2353,12
3722,12
5313,12
6914,12
5405,12
4164,12
5802,12
4887,12
5252,12
2288,12
4596,12
6848,12
6478,12
6380,12
3887,12
4750,12
5667,12
3707,12
5344,12
3650,12
5093,12
6699,12
5500,12
4873,12
6056,12
5099,12
4796,12
2272,12
5053,12
1370,12
4603,12
3729,12
3061,12
6226,12
2563,12
3524,12
5473,12
4592,12
5661,12
3701,12
6323,12
5328,12
3220,12
6191,12
5902,12
207,12
3790,12
5739,12
4671,12
326,12
5048,12
906,12
3746,12
3125,12
2375,12
5738,12
2882,12
5713,12
6070,12
5235,12
1455,12
5912,12
2331,12
5557,12
6479,12
3224,12
3485,12
2189,12
3198,12
2961,12
3852,12
3977,12
1378,12
6921,12
1670,12
927,12
5351,12
6837,12
5556,12
3263,12
5176,12
6219,12
1498,12
5026,12
2499,12
4048,12
3944,12
3914,12
1875,12
6227,12
3765,12
2145,12
6333,12
1303,11
3680,11
5159,11
3062,11
3475,11
4061,11
6826,11
2294,11
4970,11
5496,11
3558,11
3929,11
6181,11
1936,11
3360,11
2320,11
2399,11
2620,11
6099,11
5150,11
2388,11
2732,11
3185,11
3723,11
2801,11
2143,11
4529,11
2361,11
4676,11
6241,11
6968,11
6240,11
6959,11
5023,11
2445,11
6886,11
3307,11
1579,11
6621,11
6194,11
3818,11
1312,11
4077,11
2741,11
2739,11
4613,11
4554,11
4064,11
3866,11
3821,11
6894,11
2211,11
2704,11
2763,11
161,11
2885,11
3019,11
4016,11
4346,11
4594,11
4664,11
4762,11
1348,11
4778,11
4921,11
2234,11
5668,11
57,11
1991,11
6068,11
6239,11
6250,11
6624,11
6755,11
5431,11
2431,11
1760,11
2461,11
2533,11
3898,11
2191,11
2141,11
940,11
2054,11
5740,11
3559,11
5281,11
6831,11
3182,11
1809,11
2013,11
5377,11
6252,11
2901,11
2701,11
1301,11
2998,11
5843,11
3105,11
6672,11
4526,11
3321,11
3055,11
1970,11
6947,11
2782,11
1398,11
4483,11
2552,11
2492,11
4691,11
5202,11
5238,11
5253,11
2364,11
5069,11
3178,11
4062,11
3108,11
5269,11
2569,11
5366,11
6822,11
3431,11
5530,11
6382,11
1459,11
4880,11
6118,11
4808,11
950,11
5086,11
3756,11
2108,11
2395,11
3696,11
5227,11
5372,11
4401,11
4021,11
90,11
3474,11
4600,11
2720,11
5719,11
3394,11
3742,11
5672,11
2091,11
2422,11
5349,11
6678,11
3591,11
3271,11
2830,11
5063,11
4738,11
4989,11
2856,11
3023,11
3067,11
6720,11
2645,11
4393,11
1688,11
5173,11
2307,11
6050,11
5909,11
3858,11
3471,11
6990,11
115,11
6766,11
4934,11
2179,11
2379,11
2736,11
3215,11
2174,11
3351,11
6416,11
2420,11
5358,11
5175,11
800,11
3058,11
5288,11
3763,11
3274,11
3535,11
6184,11
3184,11
3089,11
5523,11
5317,11
3916,11
6801,11
3237,11
5300,11
5239,11
5465,11
3025,11
6793,11
3868,11
5478,11
3856,11
4953,11
5368,11
6317,11
6918,11
6459,11
2157,11
5716,10
2610,10
1399,10
4632,10
2964,10
3012,10
2960,10
4737,10
4774,10
6944,10
6321,10
4896,10
4992,10
3774,10
2071,10
3978,10
6248,10
918,10
1218,10
2337,10
3698,10
6797,10
5808,10
6867,10
3098,10
4976,10
5066,10
2339,10
5116,10
6924,10
3810,10
5363,10
5399,10
6667,10
3428,10
3426,10
3350,10
5695,10
5697,10
5734,10
6088,10
6450,10
1839,10
2916,10
3252,10
2551,10
6482,10
2556,10
3507,10
3458,10
3495,10
5395,10
4637,10
6285,10
6105,10
3633,10
6287,10
1305,10
6858,10
2184,10
4841,10
4843,10
3817,10
6159,10
3239,10
3137,10
2567,10
2257,10
5839,10
2523,10
3657,10
3361,10
4479,10
3538,10
1350,10
6643,10
5055,10
2670,10
5860,10
4624,10
4065,10
6688,10
2648,10
3917,10
5311,10
1096,10
2751,10
6232,10
1334,10
5503,10
6116,10
2676,10
5376,10
5092,10
2802,10
2525,10
2504,10
2093,10
5774,10
6024,10
4578,10
6920,10
6103,10
4629,10
6150,10
4040,10
6552,10
6631,10
6716,10
6862,10
3450,10
2660,10
3230,10
6376,10
6735,10
5271,10
2933,10
2115,10
2304,10
3816,10
1379,10
6107,10
3456,10
5191,10
5131,10
3771,10
5795,10
3702,10
5389,10
5768,10
6757,10
2051,10
3188,10
4917,10
2359,10
5583,10
6942,10
6978,10
2887,10
1978,10
2859,10
3254,10
3358,10
2346,10
2087,10
4668,10
4945,10
5174,10
5688,10
5831,10
6049,10
6476,10
4903,10
6961,10
3799,10
6676,10
3210,10
4004,10
813,10
6135,10
5773,10
5098,10
2425,10
1852,10
1887,10
6448,10
4618,10
2685,10
5448,10
1804,10
5388,10
1899,10
5332,10
3002,10
2062,10
3853,10
5419,10
5741,10
3170,10
912,10
3065,10
3583,10
3338,10
6705,10
3557,10
5355,10
2289,10
2386,10
5610,10
3317,10
4034,10
6486,10
2560,10
6189,10
6119,10
6106,10
4979,10
6064,10
4864,10
2757,10
5798,10
4751,10
1046,10
4078,10
3634,10
2749,10
5461,10
6257,10
2103,10
4771,10
3494,10
5555,10
3460,10
2769,10
3859,10
3984,10
4002,10
2410,10
2107,10
4770,10
4978,10
5184,10
5420,10
2754,10
6074,10
6830,10
6889,10
6900,10
2599,10
1375,10
999,10
1793,10
2208,10
2273,10
2464,10
2544,10
2746,10
3035,10
3472,10
3537,10
3803,10
4302,10
4674,10
5806,10
5824,10
6023,10
6935,10
3152,9
5714,9
4350,9
4728,9
946,9
5204,9
1341,9
2104,9
2200,9
5030,9
4542,9
2798,9
3889,9
5495,9
6388,9
6341,9
4961,9
2144,9
3084,9
4904,9
5290,9
2702,9
777,9
2884,9
3424,9
2894,9
2982,9
2255,9
5879,9
3049,9
3072,9
1383,9
3783,9
3924,9
6726,9
4039,9
4610,9
2249,9
5858,9
6881,9
3864,9
6086,9
4990,9
4670,9
3059,9
1347,9
3301,9
5426,9
3201,9
4407,9
6117,9
3446,9
3149,9
5264,9
5534,9
2870,9
6999,9
9523,9
3487,9
3797,9
6472,9
3016,9
3028,9
6868,9
5665,9
4041,9
4819,9
5669,9
3047,9
4308,9
5599,9
4229,9
6654,9
6883,9
4867,9
4982,9
6122,9
6991,9
5859,9
6437,9
2819,9
2796,9
213,9
3117,9
4633,9
4486,9
4524,9
3219,9
6584,9
5229,9
3753,9
1335,9
1367,9
2598,9
4025,9
5160,9
5749,9
2921,9
6980,9
2965,9
2922,9
2011,9
2102,9
3672,9
3157,9
2239,9
2812,9
4570,9
5403,9
4731,9
2295,9
6303,9
247,9
5027,9
6879,9
5223,9
6694,9
3498,9
3784,9
6442,9
2265,9
6493,9
6497,9
2629,9
3511,9
1968,9
3430,9
4436,9
3346,9
3165,9
3107,9
2566,9
2518,9
2923,9
6092,9
4076,9
2405,9
4991,9
3218,9
3228,9
3197,9
3110,9
3881,9
3913,9
2789,9
4459,9
4543,9
4711,9
2424,9
5134,9
5460,9
5585,9
5670,9
5847,9
6172,9
6940,9
6640,9
6812,9
3606,9
5000,9
5413,9
4058,9
2618,9
3418,9
3912,9
2825,9
5718,9
4690,9
4598,9
3556,9
6804,9
3726,9
4549,9
2623,9
6753,9
4545,9
1900,9
3590,9
2152,9
5025,9
5165,9
3489,9
5437,9
3429,9
2609,9
5855,9
6140,9
6141,9
3202,9
6267,9
6295,9
6332,9
6981,9
6722,9
5310,9
3372,9
3751,9
9557,9
3840,9
2012,9
3779,9
2390,9
2213,9
3635,9
2186,9
3971,9
4063,9
2105,9
4438,9
4480,9
4697,9
5822,9
2698,9
6251,9
6339,9
6477,9
2580,9
2488,9
3366,9
5477,9
3555,9
3241,9
4540,9
3099,9
4733,9
4895,9
982,9
5077,9
2628,9
2587,9
6393,9
6794,9
2280,9
1909,9
6891,9
3143,9
5481,9
2318,9
3855,9
2415,9
3876,9
1333,9
3311,9
3734,9
5188,9
3636,9
4983,9
5627,9
3893,9
5438,9
6865,9
2564,9
3146,9
6617,9
4432,9
5090,9
1328,9
3109,9
5770,9
5113,9
4156,8
1300,8
5118,8
5218,8
3568,8
5385,8
5425,8
5541,8
5789,8
2589,8
6378,8
2452,8
2421,8
6850,8
6997,8
2181,8
1331,8
5518,8
5528,8
6060,8
5721,8
2873,8
2920,8
9575,8
3569,8
2324,8
2637,8
5101,8
5211,8
3999,8
3399,8
2945,8
2952,8
2963,8
6200,8
1366,8
2691,8
6507,8
2435,8
5240,8
3926,8
3003,8
3531,8
6412,8
6096,8
4033,8
3513,8
2889,8
3918,8
4940,8
5424,8
3332,8
5123,8
5170,8
3592,8
3759,8
5493,8
5582,8
6701,8
4300,8
5730,8
6687,8
5390,8
1306,8
97,8
6663,8
3111,8
5094,8
6963,8
9576,8
3607,8
3488,8
5492,8
5231,8
1372,8
3144,8
2897,8
2678,8
2692,8
4571,8
3076,8
6047,8
3395,8
6526,8
2888,8
6809,8
5409,8
5283,8
6196,8
4821,8
2840,8
5878,8
3781,8
4947,8
5683,8
2436,8
1374,8
4899,8
5018,8
5070,8
3640,8
5298,8
5612,8
5618,8
6188,8
2791,8
6269,8
6435,8
6684,8
6719,8
2313,8
2578,8
2261,8
5587,8
3772,8
899,8
2770,8
2787,8
2290,8
2639,8
5813,8
6983,8
2314,8
6816,8
5656,8
6849,8
4606,8
3102,8
2725,8
3115,8
2910,8
5505,8
5350,8
4015,8
5294,8
5365,8
5444,8
2760,8
5908,8
3638,8
2559,8
4608,8
2673,8
4768,8
5603,8
3251,8
3782,8
5691,8
5827,8
1386,8
2926,8
2745,8
2302,8
2199,8
2664,8
6656,8
6800,8
1993,8
4473,8
2498,8
4897,8
4952,8
3245,8
3158,8
5243,8
5320,8
5433,8
6048,8
6146,8
5910,8
5844,8
2230,8
3725,8
3406,8
4957,8
6870,8
6225,8
2543,8
3443,8
3231,8
3496,8
2090,8
4848,8
3895,8
6977,8
4758,8
2650,8
4722,8
2401,8
1369,8
6993,8
6616,8
3710,8
3738,8
3096,8
3090,8
4477,8
6042,8
5848,8
2154,8
3813,8
5450,8
5662,8
5558,8
4081,8
184,8
2730,8
6649,8
2447,8
3897,8
5324,8
2630,8
4590,8
5648,8
3236,8
5687,8
3063,8
3642,8
2855,8
6154,8
6922,8
2980,8
2797,8
5649,8
2509,8
3802,8
767,8
3278,8
3405,8
5125,8
3453,8
3663,8
5192,8
5760,8
2912,8
5295,8
4557,8
4552,8
4009,8
6608,8
5717,8
5707,7
5075,7
4067,7
6091,7
6085,7
5250,7
3156,7
2508,7
5145,7
6901,7
5509,7
6769,7
6734,7
2149,7
4744,7
6665,7
6634,7
6554,7
5367,7
5180,7
3502,7
5044,7
2942,7
3397,7
3880,7
2366,7
3348,7
3310,7
5457,7
5727,7
2416,7
4732,7
3730,7
3576,7
2400,7
6827,7
6725,7
4965,7
4197,7
3641,7
3628,7
3164,7
2966,7
2826,7
6844,7
2402,7
2256,7
1342,7
6597,7
4496,7
4928,7
4030,7
2780,7
3457,7
2728,7
3151,7
3777,7
5494,7
5552,7
1323,7
5655,7
1373,7
2397,7
3883,7
3843,7
6186,7
6600,7
2913,7
3328,7
3325,7
5482,7
3744,7
94,7
3423,7
4173,7
2275,7
5247,7
2330,7
3727,7
5701,7
3427,7
6962,7
5421,7
6979,7
3349,7
3316,7
2727,7
5144,7
6884,7
4044,7
6581,7
2367,7
2006,7
2511,7
4321,7
6556,7
5642,7
6432,7
6235,7
2384,7
2381,7
5876,7
5882,7
2215,7
5554,7
6262,7
2326,7
6707,7
3007,7
1505,7
6160,7
1380,7
2816,7
5337,7
2847,7
900,7
6895,7
6596,7
5660,7
2908,7
1354,7
5524,7
2529,7
6915,7
5106,7
2347,7
6419,7
5678,7
1394,7
6054,7
3600,7
2815,7
2606,7
1990,7
6987,7
3073,7
6156,7
3248,7
5222,7
3238,7
5215,7
3225,7
2689,7
2459,7
2506,7
2067,7
2284,7
3417,7
5153,7
1943,7
4601,7
4597,7
5321,7
5408,7
5427,7
2271,7
2419,7
3788,7
5615,7
5856,7
6193,7
3292,7
3071,7
913,7
2764,7
3206,7
4521,7
2576,7
3767,7
3896,7
4689,7
6874,7
2519,7
4587,7
2959,7
5700,7
2867,7
4492,7
2565,7
3249,7
6926,7
2446,7
6832,7
1660,7
9526,7
2766,7
5485,7
2465,7
2192,7
2810,7
4530,7
6610,7
5571,7
6134,7
6590,7
5183,7
3183,7
6555,7
3050,7
4984,7
6936,7
2473,7
3186,7
1349,7
2455,7
3299,7
2263,7
2841,7
6147,7
2098,7
914,7
4051,7
4981,7
6275,7
2494,7
2300,7
5443,7
2821,7
5735,7
6081,7
3974,7
2466,7
6302,7
6335,7
3617,7
2253,7
3384,7
3217,7
6795,7
2244,7
5080,7
3624,7
6533,7
6994,7
3737,7
5398,7
3807,7
1977,7
3481,7
2925,7
6480,7
747,7
6500,7
3536,7
6420,7
6607,7
3499,7
6764,6
3277,6
6697,6
3214,6
3069,6
3517,6
4977,6
2944,6
2409,6
1938,6
3768,6
3842,6
5849,6
2779,6
6039,6
6075,6
2740,6
6263,6
3823,6
4019,6
3478,6
6467,6
6494,6
5621,6
1325,6
3786,6
3570,6
3505,6
3419,6
6162,6
3054,6
6423,6
6499,6
6680,6
6971,6
2876,6
1894,6
2536,6
4693,6
3626,6
5782,6
6439,6
1326,6
3542,6
6038,6
3679,6
5747,6
2111,6
2460,6
6582,6
6629,6
6706,6
6799,6
6803,6
6859,6
6829,6
3407,6
2709,6
3083,6
5576,6
2969,6
6557,6
2251,6
5455,6
3518,6
2934,6
6599,6
5164,6
3009,6
3040,6
5381,6
4495,6
4490,6
5628,6
4426,6
5748,6
5838,6
6272,6
2973,6
3501,6
6490,6
6639,6
3279,6
3420,6
6897,6
6928,6
6995,6
1320,6
5623,6
3824,6
2056,6
3794,6
3163,6
3769,6
5776,6
6695,6
3752,6
2222,6
3741,6
2163,6
3643,6
3506,6
3497,6
6505,6
6855,6
6896,6
3092,6
5169,6
5195,6
5198,6
6281,6
6731,6
3470,6
3097,6
5308,6
6253,6
5194,6
6390,6
6383,6
4714,6
5132,6
3333,6
2971,6
3362,6
6418,6
6400,6
3298,6
6375,6
2954,6
3750,6
9574,6
3890,6
3975,6
4029,6
4468,6
2654,6
6966,6
4851,6
2487,6
4931,6
4997,6
6892,6
5076,6
2308,6
5414,6
6662,6
6471,6
5779,6
6404,6
3285,6
2484,6
2668,6
2719,6
2387,6
2994,6
2371,6
3140,6
3454,6
3610,6
3639,6
3733,6
3847,6
2153,6
5149,6
5706,6
5890,6
6346,6
6487,6
6655,6
6791,6
6982,6
9517,6
3434,6
6318,6
6503,6
2594,6
2204,6
3776,6
5158,6
5386,6
5430,6
5434,6
5506,6
3604,6
3548,6
6578,6
3514,6
5790,6
3118,6
3762,6
2209,6
2539,6
6765,6
6245,6
2481,6
3477,6
5330,6
5788,6
6648,6
5137,6
1361,6
6768,6
3413,6
5124,6
5592,6
5625,6
5639,6
2510,6
3711,6
2526,6
6988,6
5726,6
4905,6
6082,6
5384,6
6710,6
2342,6
9538,6
6775,6
4403,6
3438,6
2804,6
3060,6
5234,6
2717,6
3455,6
3324,6
6314,6
6326,6
3770,6
6520,6
9583,6
4912,6
6758,6
2644,6
6934,6
6304,6
1389,6
3761,6
6431,6
1939,6
6714,6
2794,6
4767,6
3048,6
6821,6
3464,6
5029,6
6514,6
1038,6
1316,6
4949,6
4929,6
6100,6
5309,6
1796,6
2898,6
2220,6
3652,6
4974,6
6872,6
6522,6
5109,6
2190,6
5671,6
5497,6
3154,6
5043,6
1336,6
6964,6
3296,6
6277,6
3347,6
6523,6
6700,6
3229,6
2365,6
2538,6
2909,6
3100,6
3221,6
3388,6
3469,6
3482,6
3648,6
4760,6
4923,6
4996,6
5559,6
5590,6
6080,6
6653,6
1376,6
6974,6
1339,6
1319,6
1837,5
6587,5
6401,5
6407,5
6618,5
6633,5
2351,5
6045,5
6671,5
3396,5
6823,5
6498,5
6902,5
3272,5
2642,5
2808,5
3891,5
2312,5
6411,5
2634,5
3122,5
6231,5
5217,5
1314,5
3383,5
3387,5
3452,5
3459,5
4892,5
2593,5
3479,5
2707,5
737,5
6580,5
6548,5
6409,5
2486,5
3509,5
3532,5
3168,5
3554,5
3567,5
6221,5
3288,5
1397,5
6877,5
3056,5
2612,5
6664,5
3113,5
5692,5
6510,5
3553,5
2977,5
6875,5
6144,5
3886,5
5140,5
5645,5
3269,5
5373,5
2512,5
1356,5
5722,5
2786,5
2502,5
2601,5
5874,5
5885,5
5277,5
2434,5
5273,5
6061,5
3632,5
4773,5
5162,5
6259,5
3839,5
1764,5
3145,5
3873,5
6398,5
2662,5
6985,5
5387,5
4073,5
5772,5
5796,5
3552,5
3521,5
1971,5
6585,5
6592,5
5489,5
6603,5
6798,5
5781,5
6057,5
5646,5
6709,5
2781,5
6201,5
6169,5
6175,5
5428,5
2264,5
6293,5
6470,5
6072,5
2834,5
5463,5
5083,5
3533,5
3439,5
6965,5
3645,5
6173,5
6185,5
3095,5
5791,5
3018,5
6394,5
3000,5
3706,5
6449,5
9533,5
2150,5
6549,5
5725,5
6635,5
6053,5
3560,5
5526,5
9519,5
2226,5
3017,5
3046,5
2962,5
3564,5
3620,5
3621,5
3666,5
3789,5
984,5
2907,5
2663,5
2497,5
5412,5
2268,5
6151,5
6198,5
6628,5
6659,5
6759,5
6781,5
2981,5
3247,5
3342,5
3540,5
2853,5
1904,5
1387,5
2611,5
5142,5
5340,5
5686,5
6067,5
6101,5
6179,5
6187,5
6234,5
6456,5
6675,5
6885,5
6916,5
6973,5
6992,5
2106,5
6058,5
6780,5
6422,5
6605,5
5892,5
6723,5
1537,5
3571,5
5487,5
1382,5
3515,5
3389,5
3284,5
4916,5
5133,5
1385,5
5540,5
5777,5
1332,5
2738,5
2672,5
6737,5
3574,5
4995,5
2641,5
6309,5
4769,5
5212,5
6941,5
2708,5
3323,5
5696,5
2976,5
922,5
3484,5
3128,5
2277,5
6114,5
2811,5
5034,5
6528,5
3619,5
5472,5
3549,5
1365,5
5402,5
2546,5
2771,5
2327,5
3414,5
3861,5
9582,5
6620,5
2652,5
1613,5
4933,5
6168,5
3196,5
2382,5
2237,5
2900,5
4528,5
3603,5
3614,5
6751,5
6591,5
3589,5
6636,5
3541,5
2069,5
4971,5
6949,5
2777,5
2659,5
6104,5
3392,5
3091,5
6919,5
2426,5
6406,5
6447,5
2772,5
3500,5
1309,5
4551,5
4956,5
2687,5
4020,5
3030,5
2514,5
6069,5
6071,5
4539,5
3209,5
6611,5
3246,5
3432,5
3572,5
5529,5
5521,5
9555,5
5104,5
2369,5
6195,5
3878,5
2558,5
2532,5
2829,5
2530,5
6937,5
2467,5
3382,5
3343,5
1368,5
6344,5
6386,5
5911,5
5480,5
5378,5
2554,5
6148,5
6669,5
1895,5
2861,5
3297,4
2857,4
5364,4
6681,4
5869,4
5875,4
3032,4
6206,4
3150,4
3326,4
6852,4
2603,4
3415,4
6381,4
5792,4
5743,4
5650,4
5608,4
5432,4
4893,4
2500,4
2553,4
1346,4
2941,4
6953,4
2988,4
4022,4
3849,4
3699,4
3637,4
3437,4
2877,4
2658,4
6593,4
5690,4
4826,4
3651,4
2298,4
5323,4
6869,4
6090,4
6954,4
5575,4
6652,4
2846,4
5816,4
6278,4
4042,4
5785,4
1972,4
3534,4
5057,4
2089,4
4070,4
2335,4
6583,4
5673,4
5638,4
6673,4
6679,4
2886,4
3825,4
5130,4
3031,4
9584,4
6952,4
2207,4
3593,4
9530,4
3550,4
5901,4
1974,4
6089,4
1996,4
2636,4
3465,4
3381,4
4046,4
3334,4
6501,4
2242,4
3339,4
5593,4
6261,4
2823,4
3525,4
3740,4
2712,4
2096,4
6315,4
6377,4
3806,4
6443,4
6483,4
6519,4
5525,4
3294,4
2975,4
1304,4
2573,4
2613,4
2850,4
6907,4
6076,4
2872,4
2866,4
2809,4
2439,4
5327,4
5647,4
5141,4
2240,4
2110,4
5632,4
1337,4
3613,4
6873,4
6779,4
2999,4
2246,4
6814,4
2201,4
6576,4
3646,4
5641,4
2849,4
2844,4
5039,4
5423,4
5050,4
6690,4
3191,4
6698,4
3273,4
3561,4
5486,4
5452,4
9541,4
3309,4
6392,4
6208,4
2520,4
4924,4
5829,4
3075,4
5335,4
2722,4
2986,4
6638,4
2761,4
5765,4
2814,4
3795,4
6336,4
6742,4
2803,4
2950,4
5379,4
3841,4
6095,4
3608,4
6929,4
4915,4
6051,4
2216,4
3894,4
2985,4
3661,4
3207,4
1317,4
1360,4
5045,4
6521,4
6532,4
1357,4
5708,4
1351,4
2773,4
6847,4
6702,4
6703,4
6711,4
6712,4
5249,4
6139,4
6292,4
6857,4
2233,4
2633,4
6998,4
1846,4
4595,4
3616,4
3329,4
2624,4
6041,4
6163,4
6166,4
6717,4
6739,4
6843,4
2198,4
2932,4
2953,4
4831,4
5087,4
3581,4
6052,4
6097,4
3522,4
5560,4
6174,4
3466,4
3757,4
6316,4
3363,4
1007,4
6932,4
2990,4
6043,4
5171,4
3276,4
4930,4
6115,4
1388,4
3161,4
3796,4
5078,4
6601,4
5653,4
1995,4
1985,4
6182,4
2270,4
5336,4
5758,4
6244,4
4525,4
3286,4
3380,4
3444,4
2101,4
2865,4
3044,4
3578,4
3587,4
2362,4
5640,4
6073,4
6646,4
5228,4
6686,4
3264,4
3653,4
2800,4
5629,4
3287,4
2247,4
6948,4
5527,4
2456,4
2413,4
2588,4
4696,4
4705,4
2940,4
5061,4
5193,4
2081,4
3504,4
6199,4
3462,4
6270,4
3441,4
6570,4
6693,4
2706,4
6927,4
3295,4
3586,4
1864,4
3378,4
9514,4
5236,4
6637,4
3544,4
2958,4
6630,4
6265,4
2527,4
3386,4
2989,4
1327,4
5787,4
6749,4
2218,4
2159,4
6094,4
4488,4
6906,4
2291,4
6126,4
9516,3
2793,3
1322,3
9527,3
5753,3
5873,3
2058,3
3041,3
6034,3
9579,3
3801,3
6237,3
2000,3
6562,3
6645,3
6733,3
6741,3
3440,3
6957,3
3385,3
2714,3
5957,3
2281,3
5898,3
9536,3
2343,3
6474,3
6564,3
3412,3
6839,3
6861,3
6899,3
5146,3
4894,3
2831,3
5135,3
5301,3
2495,3
9556,3
3662,3
3644,3
3585,3
3579,3
3337,3
2605,3
3039,3
2350,3
2408,3
3391,3
4527,3
5533,3
2799,3
5872,3
6298,3
2306,3
6461,3
6530,3
6569,3
6674,3
6682,3
6715,3
6745,3
6930,3
2621,3
2503,3
3551,3
4615,3
3543,3
2287,3
5467,3
3598,3
5810,3
3516,3
5835,3
3422,3
2258,3
6180,3
1330,3
6898,3
2235,3
4634,3
2997,3
9540,3
2928,3
2983,3
5868,3
9544,3
6512,3
6756,3
5182,3
3565,3
6668,3
3331,3
3322,3
1318,3
2604,3
3306,3
9545,3
2718,3
3190,3
6460,3
3968,3
2616,3
6334,3
6062,3
3654,3
6925,3
5778,3
2453,3
5453,3
5226,3
5187,3
6729,3
2429,3
3051,3
2700,3
2875,3
2202,3
3510,3
3355,3
3303,3
3193,3
9561,3
6342,3
6224,3
1324,3
6588,3
6910,3
3106,3
3735,3
6946,3
6683,3
6133,3
9534,3
5318,3
2788,3
6286,3
6230,3
2935,3
5643,3
3448,3
5270,3
3573,3
6111,3
6207,3
2547,3
6387,3
6465,3
3599,3
6560,3
6612,3
6614,3
4988,3
5114,3
3822,3
6880,3
9572,3
2946,3
3815,3
2549,3
6543,3
2684,3
1340,3
3545,3
3631,3
5983,3
2219,3
6632,3
5862,3
6347,3
6589,3
6724,3
2948,3
6384,3
4927,3
5703,3
6125,3
5755,3
3899,3
2550,3
3615,3
1937,3
5017,3
2478,3
2548,3
3370,3
6488,3
6644,3
6658,3
6721,3
6975,3
2911,3
3289,3
5633,3
5619,3
6266,3
5553,3
6509,3
6566,3
6606,3
9535,3
6685,3
6727,3
2843,3
6863,3
2776,3
2596,3
2469,3
4845,3
2259,3
4960,3
3773,3
5698,3
3408,3
2113,3
2625,3
2775,3
2993,3
3123,3
3319,3
3473,3
3520,3
3566,3
2293,3
5474,3
6132,3
6222,3
6274,3
6475,3
6747,3
6834,3
9525,3
6033,3
2441,3
6805,3
2228,3
6445,3
2404,3
6345,3
3826,3
6945,3
9524,3
2721,3
5462,3
3043,3
3181,3
3911,3
3195,3
2949,3
2851,3
5326,3
5360,3
3970,3
5752,3
2585,3
5783,3
6158,3
2196,3
6469,3
6496,3
6754,3
2148,3
3622,3
2457,3
5907,3
6065,3
2924,3
6157,3
3024,3
6249,3
2501,3
3846,3
6462,3
6508,3
6511,3
5196,3
2705,3
6728,3
6833,3
6905,3
3882,3
3442,3
3480,3
3493,3
3596,3
2214,3
2557,2
5256,2
5634,2
3253,2
6524,2
1302,2
3318,2
2713,2
3327,2
5896,2
9547,2
6515,2
2680,2
6561,2
3503,2
6289,2
5004,2
6903,2
5620,2
6243,2
5899,2
3368,2
2515,2
9529,2
3136,2
9552,2
5459,2
3748,2
1384,2
3132,2
6677,2
6457,2
6464,2
3373,2
6079,2
2836,2
3597,2
6037,2
5880,2
5578,2
6463,2
2899,2
5857,2
5172,2
6481,2
3369,2
6575,2
2505,2
3130,2
6446,2
4936,2
6138,2
5895,2
5490,2
6771,2
5870,2
1363,2
5539,2
5331,2
6732,2
2681,2
6492,2
6040,2
6036,2
9548,2
6736,2
6066,2
3519,2
3468,2
4943,2
6595,2
6579,2
6123,2
3371,2
3393,2
3546,2
5977,2
9577,2
2112,2
6782,2
5893,2
6491,2
2531,2
3135,2
2937,2
6355,2
2334,2
6155,2
6290,2
4998,2
6752,2
6546,2
6458,2
6856,2
6131,2
5836,2
6504,2
2839,2
2440,2
2904,2
9578,2
6428,2
2617,2
2930,2
2516,2
2591,2
2657,2
3256,2
2838,2
3187,2
6622,2
6577,2
6535,2
6466,2
3451,2
6444,2
6454,2
6810,2
2438,2
1381,2
5049,2
3101,2
3390,2
5418,2
4830,2
6167,2
3800,2
6495,2
6516,2
6540,2
3539,2
5613,2
5905,2
5519,2
6760,2
6774,2
6205,2
2579,2
2385,2
6353,2
5397,2
3133,2
5156,2
6403,2
6550,2
3401,2
5993,2
6340,2
2476,2
2622,2
3290,2
6689,2
2590,2
1364,2
6650,2
6385,2
6343,2
9551,2
6149,2
6142,2
6120,2
6044,2
5884,2
2651,2
5674,2
2677,2
5417,2
4986,2
2852,2
3341,2
3314,2
3449,2
6786,2
6871,2
3809,2
6704,2
6544,2
2848,2
6389,2
6288,2
3203,2
5929,2
2643,2
5888,2
9515,2
5754,2
5715,2
3547,2
6950,2
3647,2
6642,2
6893,2
3609,2
6602,2
6559,2
6484,2
6379,2
2562,2
5260,2
6124,2
3588,2
9543,2
5574,2
1345,2
5975,2
2735,2
5889,2
5345,2
2832,2
3411,2
3001,2
9542,2
9554,2
6969,2
2592,2
5935,2
5903,2
6623,2
2570,2
3602,2
6743,2
5676,2
5375,2
2194,2
2784,2
2858,2
6130,2
5881,2
5780,2
5051,2
5682,2
6485,2
6778,2
2542,2
2755,2
3844,2
5458,2
3103,2
6203,2
2860,2
6433,2
3330,2
1310,2
2686,2
3200,2
3461,2
2269,2
2635,2
2970,2
2571,2
6845,2
3354,2
2992,2
6730,1
6572,1
6258,1
6110,1
6013,1
5724,1
5567,1
1315,1
3528,1
3066,1
2871,1
9560,1
2837,1
3233,1
9559,1
5468,1
5305,1
5246,1
6228,1
6352,1
6489,1
6586,1
6773,1
2595,1
4836,1
9522,1
5991,1
6035,1
5614,1
5538,1
6170,1
5242,1
2693,1
6933,1
6956,1
6282,1
3027,1
2927,1
2918,1
2863,1
5161,1
6405,1
3124,1
2703,1
3969,1
2747,1
2444,1
5537,1
6594,1
9562,1
9567,1
3605,1
5005,1
3433,1
2322,1
5867,1
3445,1
6425,1
3627,1
3625,1
2734,1
3340,1
2241,1
2608,1
2212,1
2195,1
6938,1
6165,1
4499,1
1308,1
2485,1
5631,1
3775,1
5010,1
6276,1
2792,1
2245,1
9537,1
3601,1
5617,1
2905,1
2724,1
9570,1
6539,1
6527,1
6441,1
3410,1
9546,1
2496,1
6421,1
5572,1
3033,1
5742,1
6153,1
3563,1
9518,1
5591,1
6931,1
6137,1
6802,1
6531,1
2716,1
6395,1
9569,1
6943,1
5666,1
5382,1
3845,1
3305,1
6567,1
6785,1
6789,1
6538,1
6788,1
6772,1
6127,1
9571,1
2354,1
6055,1
6338,1
3463,1
3447,1
5871,1
6063,1
5370,1
6164,1
2974,1
5279,1
6108,1
2389,1
2627,1
6770,1
2881,1
5476,1
6904,1
6297,1
2615,1
6955,1
5483,1
1395,1
6254,1
3129,1
2283,1
2541,1
6691,1
6574,1
9558,1
1338,1
6529,1
1362,1
2805,1
6817,1
5299,1
6397,1
2795,1
9581,1
2535,1
5512,1
5904,1
6565,1
5516,1
6536,1
3057,1
2088,1
5396,1
6452,1
5353,1
3042,1
2783,1
6280,1
3804,1
5705,1
6909,1
6851,1
6296,1
5897,1
9532,1
2545,1
6571,1
2626,1
6777,1
5102,1
6136,1
5115,1
2614,1
6776,1
6534,1
6627,1
2762,1
9528,1
3344,1
2878,1
6112,1
5900,1
5429,1
9521,1
5891,1
4937,1
6077,1
6143,1
5877,1
6093,1
9580,1
6761,1
6748,1
3562,1
6537,1
5297,1
5439,1
3104,1
2813,1
2729,1
5801,1
5383,1
3335,1
5275,1
2939,1
2869,1
6011,1
2223,1
3302,1
5936,1
6429,1
6430,1
2100,1
