deptime,avg_arrdelay
NA,
400,-117.83333333333333
420,-91.0
436,-23.5
411,-23.0
441,-23.0
440,-11.833333333333334
455,-11.570866141732283
454,-10.661654135338345
520,-9.78172255095332
452,-9.725806451612904
451,-9.32
456,-8.803108808290155
525,-8.635546334716459
500,-8.488549618320612
457,-8.298076923076923
522,-8.289644012944985
450,-8.208955223880597
524,-8.068155111633372
551,-8.039059386209646
523,-7.981792717086835
552,-7.970544480809283
526,-7.3459214501510575
553,-7.296926818483308
511,-7.197916666666667
503,-7.13125
554,-6.955796200958637
459,-6.941798941798941
521,-6.811735941320293
550,-6.787576374745417
528,-6.561527581329561
527,-6.5465360391882434
510,-6.506389776357827
555,-6.5049885583524025
515,-6.504504504504505
505,-6.4905063291139244
512,-6.45272206303725
502,-6.263473053892215
530,-5.95468224464507
508,-5.834677419354839
509,-5.787003610108303
507,-5.728888888888889
556,-5.640187463386058
516,-5.607792207792208
540,-5.403706395348837
557,-5.2390915193555605
535,-5.2347027972027975
529,-5.1775956284153
514,-5.148264984227129
532,-5.1440781440781445
513,-4.9342560553633215
539,-4.923970432946145
536,-4.818666666666667
538,-4.710477941176471
501,-4.650793650793651
453,-4.563218390804598
549,-4.486627043090639
622,-4.467181467181467
531,-4.377149877149877
534,-4.224427480916031
548,-4.198387096774193
621,-4.153751537515375
624,-4.10111128502113
537,-4.092760180995475
506,-4.0606060606060606
504,-4.058139534883721
623,-4.044332493702771
655,-4.035062131730937
558,-3.9100313844007903
626,-3.9088552326374675
652,-3.8964532611962728
605,-3.8403879064460926
653,-3.8035894843276035
542,-3.779060816012317
620,-3.778785302729763
625,-3.7734971770176022
651,-3.7716100986457115
547,-3.7231441048034934
545,-3.620701058201058
656,-3.5904321878910386
546,-3.4800817160367723
635,-3.410623003194888
607,-3.3580025608194624
654,-3.2579517651170917
559,-3.217220870505542
650,-3.185055321801465
606,-3.184074175074993
519,-3.1512345679012346
610,-3.1302383372867952
611,-3.1301555939738206
600,-3.110070504051352
602,-3.021276595744681
604,-2.9905200433369448
627,-2.9892629904559915
755,-2.9665308138816844
518,-2.8905325443786984
630,-2.8814876957494406
541,-2.8683565004088307
618,-2.8568186975266623
616,-2.850980392156863
640,-2.819517709118312
608,-2.78494623655914
609,-2.781185567010309
657,-2.753594953149643
637,-2.7426687489154955
636,-2.727659574468085
612,-2.7194865810968496
619,-2.6655156537753224
615,-2.662467997951869
601,-2.6475279106858056
725,-2.6304362809290787
638,-2.586309059722439
603,-2.5689283791060853
641,-2.5563415866599293
613,-2.5556866446437
700,-2.553622468000497
628,-2.533985788979756
710,-2.523027027027027
754,-2.4792620522488553
756,-2.3595423563777995
645,-2.349314099844435
639,-2.33551163532037
444,-2.3333333333333335
543,-2.274445357436319
735,-2.26477854243868
720,-2.211491749727783
753,-2.1895358893052754
750,-2.18710164374371
544,-2.1436837029893923
752,-2.133524082021936
631,-2.05
726,-2.0043373493975905
533,-1.9909677419354839
649,-1.9742566354021154
757,-1.9627351664254704
647,-1.943013587507605
705,-1.9108586410312431
632,-1.822808475280432
634,-1.8158541581319132
740,-1.8008542875564153
614,-1.797681291202546
658,-1.7799122379327157
617,-1.6955399061032863
737,-1.6271248400658016
458,-1.625668449197861
642,-1.6129032258064515
745,-1.5805162630863903
644,-1.548596112311015
643,-1.506657444233097
646,-1.497389851743579
736,-1.4670481452249409
805,-1.4261160544528102
629,-1.424862199013635
855,-1.3689140963548305
800,-1.290092382585606
751,-1.2587883320867614
723,-1.254608766898812
730,-1.162294973105784
727,-1.1083819465766043
633,-1.091688089117395
815,-1.072593669250646
703,-1.0563452646001028
739,-0.9201003224650662
648,-0.8852030558906313
738,-0.867384134698837
741,-0.8594995366079703
721,-0.8466922555881689
707,-0.8428241972680504
758,-0.827544328394462
724,-0.8185233890663159
715,-0.8027414043954361
825,-0.77187711259671
734,-0.7710311327003754
810,-0.7525196917083087
856,-0.677607756103259
716,-0.6435643564356436
749,-0.6363085621970921
850,-0.6307083274423866
706,-0.5634490238611713
820,-0.5522058823529412
659,-0.5393913688898314
759,-0.5318400833441854
711,-0.5194681861348528
742,-0.4716532553035845
728,-0.4636984176233323
857,-0.4635946762107147
702,-0.4287467134092901
709,-0.41334287247361834
722,-0.4108983799705449
845,-0.39161882037133694
853,-0.385067450247095
852,-0.365539229276407
854,-0.32919025350726067
729,-0.32292191435768264
704,-0.2685119887165021
713,-0.2382420971472629
701,-0.2143428845846006
748,-0.17948211108914805
835,-0.16336336336336335
840,-0.15079769796750928
826,-0.13871509232412635
718,-0.13638392857142856
900,-0.08841944792290521
858,-0.08227206130959089
517,-0.08169014084507042
905,-0.06581525288440607
733,-0.04838709677419355
824,-0.010845986984815618
708,0.0033066481030281933
827,0.016873889875666074
823,0.07853944195659662
717,0.128
830,0.159265316391999
804,0.1653121217361231
743,0.1797218799507129
732,0.28983050847457625
836,0.3295765577201739
955,0.33286381496033807
712,0.34918062308661985
851,0.3653726708074534
1055,0.3657363550244116
806,0.38765163860220897
828,0.38973277074542895
821,0.40645792563600786
731,0.4090606262491672
744,0.40958060792612544
811,0.4283846872082166
747,0.4407796101949025
801,0.44795117698343506
813,0.48526624159917287
425,0.5
809,0.5664760543245175
822,0.5812626541505613
849,0.5857600243939625
746,0.6016260162601627
837,0.602990540128166
910,0.6126371603210841
925,0.645659401551533
935,0.6786786786786787
714,0.7438404380132968
807,0.8042972247090421
859,0.8207219091018108
812,0.8387263339070568
817,0.8817836812144213
902,0.8867498872010828
1025,0.900140099626401
847,0.9382202304737516
838,0.9453254795348135
1105,0.950119866986312
1100,0.9858630072163729
834,0.9876817792985457
1110,1.020106399624472
832,1.0632710609799083
802,1.0851291184327694
831,1.0955402465554749
814,1.1096293730516107
816,1.1287320666925165
839,1.1827040194884288
901,1.1833899351651744
819,1.186933185267444
846,1.1914526968809236
848,1.1998480243161094
808,1.2039496679482697
833,1.2062432334897149
920,1.208845017876574
818,1.3204277286135693
903,1.3455278251433886
930,1.3505654281098547
842,1.3634833180287727
945,1.3645311837081036
803,1.4212978943734897
950,1.4554909507820817
1030,1.4594690265486725
719,1.4879910213243546
1026,1.5153076689906033
915,1.5370413648048609
841,1.5406917599186165
957,1.5693721286370597
940,1.5904707420725728
904,1.5909645909645909
1040,1.6026272577996716
1045,1.616708172968078
843,1.617028217256565
1056,1.6402116402116402
1000,1.6499580672214695
829,1.6739255014326648
1050,1.7070967741935483
1054,1.7122529644268776
1035,1.7255983703955187
1020,1.7371148077447505
952,1.7621393384940183
951,1.7794653705953827
906,1.8018596787827557
1053,1.8325284312198162
956,1.84
1125,1.8679991050786784
907,1.8974805894469973
1057,1.9275610801543077
1027,1.929449248975876
953,1.9384353741496598
1005,1.9777026409576899
1010,1.977955570686867
1225,1.980716253443526
1115,2.042746418225945
844,2.0986675126903553
1126,2.1004696171908352
912,2.1458646616541355
1015,2.1759229010127408
954,2.1904140854254974
1123,2.201134447340181
926,2.212278558338424
923,2.244913452778621
1120,2.2524010756819055
927,2.252943806826651
922,2.342485783915516
1155,2.42110029431741
1255,2.4445672191528547
928,2.4504375268971454
908,2.4513743771097896
1058,2.4606611808863867
917,2.460872517399423
1220,2.5245470032522843
939,2.5257663628831812
1226,2.5379241516966067
1042,2.537987679671458
1124,2.5472837022132797
921,2.553967980719573
1230,2.589417091114884
937,2.5943156826256133
1028,2.600777885817475
914,2.631159780985565
1250,2.67705947543406
1029,2.678154030566377
1043,2.715073827681324
1037,2.717199654278306
959,2.7296592206098156
958,2.7333637192342755
919,2.7443386937971774
909,2.7654001616814874
1051,2.7936478454680533
924,2.805652108206136
1024,2.842337917485265
1305,2.8594181187416225
929,2.8878359484231786
916,2.892072943803498
1325,2.9167103587746235
911,2.926063470627954
1227,2.951511849632253
1121,2.968671469257832
913,2.976683515408446
1257,2.994909190974133
1036,3.0109154929577464
1059,3.019601593625498
1106,3.0363827182088508
1130,3.057009009009009
1044,3.0602429688800132
1052,3.0713133268796384
1039,3.077487625874723
1127,3.0881081834657746
942,3.106709493219129
1154,3.107142857142857
1038,3.1115078720986853
1245,3.1404726620388423
1002,3.1470213153579887
1122,3.149046793760832
1112,3.1556433037183282
1235,3.161034761519806
1140,3.171356307303193
1023,3.2051783097215436
1228,3.2086656034024457
1111,3.2323268206039075
1041,3.2424034334763947
1153,3.256204838202953
941,3.268550557477893
1001,3.2947819314641746
918,3.304812834224599
1031,3.333395907640323
1128,3.3358128212063836
938,3.3599535115391
1006,3.3602233346168657
948,3.371555391159608
1215,3.3789129686962505
1145,3.405685777636997
1252,3.410079656862745
1310,3.416574585635359
1033,3.428701511564378
1210,3.4396382958888787
1022,3.4471288515406164
1116,3.470105723660226
1223,3.479002014566868
1135,3.493261709546697
1254,3.5107178823190908
1103,3.5312073669849933
1021,3.535455585207777
1240,3.54572247889119
1013,3.557818045955539
949,3.5806008246612997
1004,3.584348137535817
1012,3.5893497183819765
1256,3.595055659968194
1049,3.5978835978835977
1102,3.5980222068008327
1150,3.5987217724755007
1200,3.6039809863339274
1118,3.60550150956055
1205,3.609311549721409
1229,3.6137454134913916
1259,3.628157226124645
1300,3.638735996891796
1151,3.6523172742260486
944,3.6686746987951806
1224,3.6706662456583516
1108,3.6826749713161777
1011,3.685305591677503
936,3.685677842565598
1107,3.6884825700615176
1046,3.6969809223930357
1258,3.6976993044408775
1251,3.7004366812227074
1222,3.733441295546559
933,3.7544367283950617
1018,3.7688221285949806
1104,3.7719972067039107
1047,3.8134161062252114
1034,3.819935077334352
1152,3.8634722678043976
1129,3.863877430760165
1156,3.8761647129546137
1301,3.877931945820945
1007,3.8795831006886283
1032,3.897196261682243
1138,3.927732463295269
1253,3.9339133089133087
1003,3.974446032880629
934,4.008822401227465
1114,4.031061259706644
1119,4.032568467801628
1048,4.0546114502557336
943,4.08584729981378
1139,4.0943245403677055
1143,4.107565789473684
1320,4.119354299096688
1221,4.123403520883673
931,4.126455566905005
1101,4.159547493661011
1136,4.208899876390606
1113,4.244448299791811
947,4.252187748607796
1157,4.257464960390006
932,4.308545211240681
1335,4.3193399660276635
1137,4.328958581898756
1142,4.381349011922261
1117,4.3818918442839525
946,4.3962581458902665
1249,4.3990715543460865
1158,4.3998507462686565
1315,4.4110769755931045
1241,4.457444964465245
1147,4.488372093023256
1144,4.502705444707474
1236,4.51090844062947
1141,4.51137171286425
1311,4.532009221493173
1355,4.553239389643959
1455,4.5990374492404875
1008,4.59959721713658
1131,4.60674778761062
1304,4.615260003239916
1016,4.623520279448865
1405,4.646458200382897
1233,4.656401673640167
1148,4.661590524534687
1146,4.666480965645311
1302,4.6915104404816335
1330,4.693996965975583
1231,4.712095106822881
1239,4.722407469156385
1308,4.728748068006182
1159,4.7314610287156835
1149,4.749472944483486
1234,4.766689143627781
1244,4.776009381805998
1206,4.7881340071121095
1009,4.8108409133098196
1109,4.822483163529615
1211,4.822553271732981
1248,4.846093257718967
1306,4.946398937935612
1324,4.9656200941915225
1242,4.968048500737343
1014,4.998702983138781
1202,5.008465417867435
1204,5.024468655116985
1321,5.024788934794324
1400,5.060873186645381
1017,5.062226450999049
1309,5.1041980264258235
1019,5.106817281014665
1329,5.136883802816901
1237,5.154517453798768
1340,5.168813326464022
1201,5.1727125067677315
1326,5.17475884244373
1246,5.217313218390805
1207,5.229347826086957
1327,5.263711829232138
1247,5.287015568068897
1307,5.320865828425911
1303,5.333074534161491
1328,5.333649417502032
1323,5.343631778058008
1322,5.409076279369167
1313,5.4368915456874465
1217,5.456333038086803
1456,5.507979936160511
1356,5.510997768568696
1219,5.511787473610133
1500,5.514310602289696
1134,5.515025343953657
1331,5.5321018651362985
1218,5.532905018232332
1213,5.535707893323788
1214,5.548170952553423
1232,5.550970075633016
1420,5.5518596123624935
1345,5.5547987616099075
1243,5.566183733947975
1208,5.6298119177359816
1312,5.635454689731788
1238,5.6396820246593125
1350,5.640950607431054
1430,5.796331387857197
1216,5.84375
1132,5.84698313336811
1133,5.894469525959368
1337,5.938522558254834
1505,5.948929159802306
1212,5.948960653303637
1203,5.997222222222222
1316,6.00018115942029
1318,6.00510792552315
1353,6.0427897574123985
1336,6.071402682131207
1454,6.0786287152067935
1429,6.127765659083827
1525,6.191826454338641
1655,6.200335839964956
1425,6.210370885086424
1314,6.272212978369384
1535,6.29091049501892
1357,6.332646592709984
1427,6.341087758703674
1317,6.3826071617569236
1440,6.390011890606421
1319,6.428393966282165
1209,6.44023979018359
1415,6.459760512392092
1358,6.4949586155003765
1334,6.503194351042367
1343,6.5822120118149
1451,6.591481810115351
1530,6.599305271761341
1354,6.611353711790393
1656,6.620530726256983
1555,6.63342361000478
1645,6.737245091350163
1458,6.772587841606247
1341,6.7825859361368
1351,6.784339375817604
1450,6.801007556675063
1452,6.813747954173486
1421,6.825142857142857
1449,6.831710234067999
1459,6.847351571594878
1453,6.859491070017386
1344,6.870767104353836
1342,6.891651865008881
1426,6.944999124189875
1339,6.982227488151659
1445,6.989929681395955
1428,7.008188021228203
1423,7.013174073423502
1346,7.020572966737166
1437,7.05839294626518
1436,7.082312680115273
1333,7.115160592444666
1457,7.120509849362688
1439,7.146394878706199
1419,7.149520406244123
1435,7.151577567643479
1401,7.1770588235294115
1402,7.183374548221419
1338,7.187258687258687
1510,7.195972114639814
1443,7.202104916954449
1424,7.248015188125647
1657,7.24842939087681
1349,7.260845689181768
1540,7.274795705816375
1359,7.30401366353544
1352,7.316423043852106
1347,7.321605277625069
1332,7.336127409891031
1650,7.354331909701037
1403,7.362928066678746
1700,7.38917762152247
1556,7.420208023774146
1635,7.48651031564098
1725,7.49744711889132
1554,7.510612492419648
1434,7.526046265230443
1406,7.559967253376995
1730,7.579499805623947
1417,7.585130111524164
1418,7.602702702702703
1441,7.603053435114504
1654,7.613738738738738
1550,7.618918460756061
1422,7.627638462926213
1444,7.6422378537542945
1605,7.6667845772904135
1442,7.693212961470256
1705,7.706027373969225
1410,7.7445874488676045
1409,7.804736186123805
1653,7.868797431406889
1416,7.885554221688675
1509,7.9246425567703955
1515,7.927237491190979
1348,7.962277331470485
1558,7.965313028764806
1438,7.984819734345351
437,8.0
1658,8.028427872537353
1551,8.066180213812999
1539,8.078718609143593
1511,8.091904843402363
1615,8.094704768179199
1504,8.121141719216727
1529,8.129510120269874
1506,8.1589392342817
1659,8.18916988141163
1501,8.208428446005268
1431,8.223107569721115
1528,8.233599543639475
1625,8.234571129707113
1735,8.240672241878418
1720,8.241579914268218
1553,8.253735942073641
1432,8.260084180989127
1545,8.269661016949152
1502,8.28363939899833
1407,8.316490403446926
1610,8.319768431806573
1503,8.34267347947915
1600,8.361492456164198
1557,8.366371432588219
1507,8.42781007751938
1520,8.431897243778431
1448,8.433412002697235
1652,8.452240832956088
1755,8.479490585201969
1446,8.50129581636431
1526,8.546558031260393
1404,8.553221571399718
1537,8.56051666400893
1740,8.577187733732236
1630,8.628257048979904
1544,8.636540330417882
1620,8.652745751131608
1411,8.70883740004101
1640,8.719215099359774
1433,8.746811113052594
1727,8.750717566016073
1552,8.760232972011002
1414,8.781413359148113
1527,8.798644276690803
1729,8.868044956292493
1715,8.881137989230893
1512,8.89084341133972
1641,8.908339594290007
1447,8.961382861346083
1524,9.002886737986076
1710,9.026384804895494
1651,9.031387107661153
1559,9.053402502288678
1536,9.070402553644263
1412,9.15190114068441
1508,9.16120218579235
1701,9.175881870385561
1626,9.183404492296269
1855,9.207872823618471
1850,9.209072104018913
1646,9.213689179375454
1513,9.213759213759214
1601,9.228297632468996
1541,9.228376886271622
1413,9.257010288480936
1533,9.267646065518406
1750,9.324382716049383
1534,9.37766515204474
1543,9.40673324742268
1745,9.4137957375296
1728,9.480777013354917
1408,9.517322372284204
1549,9.572416176978914
1547,9.574361628709454
1825,9.605123087159015
1726,9.615255530129671
1703,9.637494097276877
1733,9.662694056766505
1538,9.690167265905894
1724,9.694600499375781
1649,9.70357142857143
1546,9.730505192747756
1531,9.749181520552929
1647,9.797875927174646
1514,9.836040864176855
1639,9.836508230072129
1840,9.874025569067664
1606,9.88888888888889
1523,9.893205605818698
1845,9.894082200247219
1629,9.924098986879256
1648,9.937918640744977
1609,9.93826714801444
1731,9.968666219839141
1711,9.976458186929023
1723,10.029860228716645
1602,10.085793678360542
1643,10.118753358409457
1704,10.139027934765057
1830,10.149276410998553
1644,10.205867126833477
1607,10.247836071365484
1548,10.260118460019743
1532,10.35061893609903
1516,10.353456863917115
1835,10.406382228490832
1716,10.417705954681187
1542,10.424861156484809
1702,10.445121951219512
1805,10.446047008547009
1815,10.474296205630354
1603,10.489339207048458
1721,10.510875239255263
1627,10.52884289107567
1631,10.543947975666038
1628,10.563233167282661
1713,10.570279146141216
1707,10.573432210220862
1624,10.600382043935053
1719,10.62133666904932
1642,10.624289405684754
1734,10.68550577053632
1519,10.697195528535007
1756,10.703909726636999
1634,10.712933753943217
1714,10.732089798613403
1608,10.735003408316292
449,10.736842105263158
1522,10.763401780846811
1717,10.784569634891788
1517,10.794432950912169
1706,10.844992188856102
1638,10.877886634009798
1910,10.932054666873738
1737,10.950367346938776
1800,10.968051343536215
1751,10.981135311267364
1709,10.993732000677621
1753,10.994588572338055
1518,11.011815252416756
1637,11.011833242308393
1521,11.03620724144829
1900,11.13547002630486
1854,11.170511682934043
1754,11.180363523380457
1905,11.183250631148255
1621,11.185954933274994
1738,11.189607602697732
1623,11.2107815706025
1614,11.212060484605574
1722,11.230905290239589
1712,11.26586675086833
1612,11.27489899877042
1829,11.278515437529995
1617,11.285438765670202
1632,11.31606317411402
1619,11.32059533386967
1739,11.324722636198047
1743,11.340025493945188
1741,11.351411084665079
1636,11.388867263526665
1744,11.405212886514489
1611,11.44251075479077
1622,11.456842105263158
1742,11.528398510242086
1759,11.568929877564
1613,11.587348837209303
1718,11.594054734193142
1955,11.605740327741685
1708,11.660167579761522
1935,11.681944960952027
1736,11.705642299503193
1732,11.72038612565445
1841,11.743854220388517
1856,11.770729497054825
1748,11.807107411557547
1853,11.833999112294718
1950,11.845807033363391
1857,11.861313868613138
1859,11.862774829416225
1757,11.89267618608936
1810,11.902625541677288
1604,11.942746686303387
1851,12.005400981996727
1930,12.049795197172918
1925,12.07245337159254
1915,12.092537057664297
1849,12.134911806769427
1749,12.153846153846153
1746,12.155635062611807
1920,12.201917465610672
1618,12.33302852962692
1747,12.35872157735729
1820,12.418756409061247
1844,12.434208457789655
1827,12.461439794773128
1839,12.485488126649077
1616,12.531115218730745
1826,12.590970807875085
1945,12.70475016592396
2025,12.763664278403276
1848,12.77658266748617
1752,12.784951230840688
1847,12.829128986197048
439,12.833333333333334
1842,12.849845679012345
1836,12.875784190715182
1807,12.903214596003476
1837,12.912865783880987
1828,12.963750382379933
1633,12.977697408077155
1858,12.983710153068388
1758,13.00445632798574
1838,13.040156862745098
1909,13.048233586062269
1801,13.052846249334989
1852,13.070886460230723
1908,13.121118967107286
2015,13.221334360258014
1911,13.348263092928937
1907,13.398633619319988
1906,13.431890890722343
1809,13.460531309297913
2040,13.49924721469437
1904,13.5125
2000,13.552108537849982
1843,13.568025579536371
1823,13.680372807017545
1806,13.72642029784887
1912,13.77335754374381
1846,13.825446898002102
1940,13.87290422046637
2005,13.889152542372882
1824,13.88949373979314
1821,13.922594552224181
1803,13.961810466760962
1822,13.963270579549649
1808,13.984466689678978
1804,14.025185722051097
1916,14.052770914225203
1902,14.05421686746988
2035,14.100113895216401
2020,14.103598691384951
2010,14.107434598283527
1913,14.113805366957646
1802,14.137037698767196
1903,14.151009939083039
1901,14.201194869091548
1914,14.266936790923825
1834,14.384029038112523
2055,14.404590772084395
1921,14.435791838262823
1811,14.526714591023897
1919,14.591481289877565
1831,14.64075792730085
1817,14.67155890519635
1918,14.722079589216944
2045,14.747731588942814
1923,14.75640802092415
1917,14.8156836461126
1833,14.828835355913784
1926,14.960940392447242
2100,15.02438568625619
2110,15.062456946039035
1816,15.127299028724943
1819,15.17069306930693
1832,15.35272078501338
1812,15.431043905993805
2030,15.444508503891612
2105,15.45528554070474
1922,15.479952630688548
1929,15.614563833770124
1927,15.766701828410689
2115,15.776707113966214
1814,15.844996237772762
1813,16.042994531397323
1924,16.201017811704833
2050,16.23848118130343
2058,16.374265450861195
2026,16.394343151005142
1928,16.426081126382837
2051,16.514032869785083
2056,16.545167830592476
1937,16.555285047677014
2057,16.570368754091206
1818,16.61341075107698
2054,16.745686757786242
2029,16.852516411378556
2109,16.894899169632264
2028,17.121819583654588
2059,17.203315881326354
2016,17.227744807121663
2053,17.261179928616418
2011,17.310642621285243
1954,17.49670474516696
2044,17.53577939835916
2106,17.681329667583103
2038,17.71827811584404
2023,17.735753786968022
1957,17.7376802238003
2108,17.793947485536272
1931,17.798286090969018
1938,17.798673899939722
2013,17.83352708672402
2021,17.83551449833205
2027,17.884341637010674
2039,17.89887111947319
1933,17.945324044754063
2024,17.983270499528746
1949,17.99203933505034
413,18.0
357,18.0
342,18.0
2101,18.03578629032258
1958,18.06503220444629
2049,18.065805216558985
2019,18.066634359098618
2036,18.076883910386965
1947,18.08686823104693
2103,18.184915413533833
2048,18.205549389567146
2111,18.247193944139912
2043,18.253297563156718
2104,18.28530050687907
1932,18.312108348494036
2052,18.352806414662084
1953,18.36078431372549
2037,18.407057195571955
1956,18.42008423852804
2041,18.422951641192682
2032,18.486595492289442
1934,18.537687366167024
2018,18.66637949601551
1939,18.70338248048569
2012,18.710186832740213
2114,18.756856023506366
1959,18.79589912797549
2107,18.804162724692524
1951,18.899665551839465
1944,19.003628940802905
2008,19.15305422100206
2042,19.153672825597116
1946,19.15772716140093
2113,19.222882615156017
1936,19.302232142857143
1952,19.365510990256062
1948,19.40173839304643
2022,19.444119795471146
1943,19.50896551724138
2046,19.55627651609683
2014,19.596046511627907
2112,19.63348416289593
1941,19.67321985135459
2125,19.693660947949986
2116,19.705426356589147
2047,19.718935614160134
2102,19.8646652370741
1942,19.92391304347826
2033,20.268974042027192
2002,20.384855769230768
2001,20.424146147736298
2119,20.473216763807937
2126,20.55866745283019
2003,20.609845701689935
2135,20.656571023733616
2007,20.69826533105302
2120,20.72702586822924
2121,20.83914546025762
2004,20.859434682964096
2254,20.88681260010678
2009,20.89398136489549
2031,21.165184586364862
2017,21.16639439906651
2034,21.21557478368356
2006,21.272848034006376
2122,21.491019618679193
2124,21.614849833147943
2249,21.78932893289329
2145,21.91849957374254
2117,22.10455689124965
2150,22.206908644573033
2123,22.370236439499305
2118,22.734059945504086
2129,23.01698647373388
2127,23.32136602451839
2351,23.447004608294932
2130,23.50991722630017
2227,23.6555070354197
2128,23.677071178529754
2255,23.749105109013993
2253,23.822545846817693
2258,24.292629262926294
2247,24.309043927648577
2252,24.427956989247313
2248,24.56074270557029
2251,24.762073027090693
2155,24.76659793814433
2226,24.97441970630033
2244,25.069654427645787
2250,25.283267054145
2246,25.31541906589891
2131,25.467222432739675
2140,25.574612403100776
2149,25.67931169339069
2143,25.705547652916074
2144,25.787610619469028
2229,26.06484295845998
2224,26.73578431372549
2228,26.83213321332133
2241,26.96523898199876
2256,27.052095808383232
2153,27.097648465524113
56,27.12171052631579
2257,27.16077537058153
2243,27.181521739130435
51,27.300911854103344
2222,27.368674698795182
2223,27.379209370424597
2141,27.39239448391141
2134,27.464862833521234
2142,27.528504840444604
2242,27.62603062426384
2132,27.69782683684029
2301,27.768488745980708
2151,27.795737122557725
2154,27.874899436846338
2148,27.931465354032564
2133,27.974443227455275
2259,28.193486590038315
2349,28.198630136986303
2231,28.215709261430245
2236,28.486119679210365
402,29.0
2225,29.05980362987206
2136,29.068181818181817
2354,29.08180708180708
2138,29.26269315673289
2245,29.311942959001783
2159,29.374107567824844
49,29.390092879256965
2137,29.405405405405407
2239,29.477860839562968
2221,29.570720968629608
2347,29.582417582417584
2139,29.585471772601657
2147,29.588844621513942
2209,29.644386422976503
2219,29.716544325239976
2230,29.762910128388018
2156,29.772641509433964
2233,29.985371562317145
448,30.083333333333332
2234,30.14911308203991
2146,30.224168126094572
2353,30.309278350515463
2200,30.473582474226806
2207,30.607496095783446
2214,30.655755015839492
2352,30.709338929695697
2346,30.888059701492537
2152,30.938728323699422
52,31.121739130434783
2238,31.227673649393605
2235,31.270125223613597
2237,31.587597832630944
2216,31.59472817133443
57,31.59807073954984
2302,31.63939393939394
2208,31.66749875187219
2211,32.13936291240046
2206,32.162460567823345
2218,32.63960880195599
2217,32.746419098143235
2232,32.918260869565216
53,32.95626822157434
2357,33.199430199430196
2157,33.288971614704515
2220,33.37418147801684
2356,33.64928292046936
2210,33.792403595245
2203,33.869565217391305
2201,33.90808609656777
2158,34.0175034546292
2305,34.13409415121255
2303,34.13833992094862
2205,34.22269746221842
2215,34.81075888568684
2213,34.83198271204754
2304,35.07450980392157
111,35.29611650485437
2240,35.2970007315289
109,35.40758293838863
2300,35.53798165137615
54,35.58383233532934
2204,35.84299262381454
358,36.0
27,36.11694510739857
2212,36.228410832907514
2310,36.23547880690738
2308,36.50377200335289
2348,36.79123414071511
2314,36.796451914098974
2350,37.15614617940199
2202,37.4936170212766
238,37.793103448275865
2312,38.02032176121931
2311,38.16856060606061
2309,38.305475504322764
55,39.01923076923077
2306,39.21456310679611
2342,39.23179791976226
2307,39.28352835283528
2313,39.38549955791335
37,39.81818181818182
2322,39.92718446601942
2344,40.011126564673155
36,40.51289398280802
26,40.80684596577017
45,40.84823848238482
34,40.873111782477345
28,41.067146282973624
447,41.142857142857146
432,41.5
2326,41.56032482598608
227,41.63265306122449
2323,42.04117009750813
2355,42.15267947421638
104,42.16230366492147
107,43.353191489361706
29,43.38826815642458
2329,43.4621409921671
2345,43.51996527777778
2319,43.575178997613364
106,43.586497890295355
31,43.615625
58,43.68928571428572
2321,44.06013071895425
2358,44.089258698941
2343,44.094476744186046
2327,44.19720101781171
258,44.285714285714285
2317,44.30937880633374
32,44.34530386740332
2341,45.10880829015544
2328,45.51093210586882
48,45.5121107266436
2315,45.59435736677116
59,45.71320754716981
47,45.749128919860624
50,46.002583979328165
108,46.14644351464435
2316,46.162412993039446
38,46.33860759493671
2339,46.43655589123867
102,46.95614035087719
2359,47.23668639053255
46,47.34090909090909
24,47.35588235294118
39,47.37179487179487
2318,47.405162738496074
23,47.524844720496894
6,48.21287128712871
35,48.527352297593
237,48.64705882352941
9,49.02528735632184
11,49.042821158690174
243,49.05882352941177
2324,49.20822622107969
33,49.836012861736336
112,49.90769230769231
2325,50.20995475113122
43,50.329861111111114
101,50.38139534883721
2330,50.9448051948052
4,51.05399061032864
7,51.06759906759907
2,51.17219917012448
232,51.214285714285715
2337,51.813397129186605
103,51.93981481481482
2320,52.08692307692308
443,52.8
2338,52.8957345971564
3,53.27790973871734
2334,53.448028673835125
2336,53.59967585089141
126,53.86065573770492
229,54.22222222222222
21,54.31270358306189
113,54.33116883116883
239,54.42424242424242
25,54.88461538461539
2331,55.01533219761499
2333,55.944839857651246
22,56.22289156626506
208,56.3125
223,56.51724137931034
2340,56.659188034188034
30,56.833688699360344
2335,56.85091743119266
41,57.29370629370629
40,57.46825396825397
244,57.51724137931034
114,58.518248175182485
100,58.53191489361702
2332,58.626959247648905
44,59.18909090909091
17,59.19881305637982
236,59.35
2402,59.370370370370374
10,60.19028340080972
2411,60.5
2400,60.51162790697674
110,60.51394422310757
129,60.53703703703704
256,60.53846153846154
12,60.9023746701847
42,61.18283582089552
13,61.267857142857146
8,61.46244131455399
1,61.62931034482759
18,61.81188118811881
16,62.286144578313255
442,62.833333333333336
2408,62.96875
14,63.13659793814433
105,63.406976744186046
302,63.75
116,64.04132231404958
5,64.54253308128544
2407,65.05882352941177
20,65.79809976247031
235,67.5
19,67.63414634146342
151,67.69444444444444
234,68.9047619047619
228,69.0
2412,69.04347826086956
127,69.71717171717172
159,71.0
131,71.0253164556962
317,71.125
122,71.6068376068376
242,72.11111111111111
2421,74.0
15,74.07901234567902
2406,74.23529411764706
257,74.42857142857143
247,74.625
2403,76.5
446,76.66666666666667
202,76.82608695652173
141,77.0677966101695
233,77.2051282051282
115,77.3076923076923
222,77.86363636363636
240,78.375
403,79.5
156,79.5111111111111
438,80.33333333333333
246,80.4
121,81.69724770642202
158,81.87234042553192
206,81.91891891891892
2404,82.125
418,83.0
123,83.10714285714286
134,83.5079365079365
217,83.61538461538461
241,84.48717948717949
203,84.70175438596492
313,84.71428571428571
2424,84.77777777777777
2405,84.84285714285714
153,84.94
2401,85.31818181818181
138,86.08571428571429
2513,87.0
2426,87.14285714285714
231,87.41935483870968
124,88.30275229357798
125,88.40287769784173
224,88.58333333333333
120,89.06849315068493
2428,90.0
216,90.31428571428572
132,90.66666666666667
154,90.69642857142857
226,90.81481481481481
133,91.37647058823529
218,91.61764705882354
149,92.03389830508475
2413,92.05882352941177
142,92.26229508196721
259,92.57142857142857
332,93.6
2416,93.63157894736842
2422,94.125
118,94.65322580645162
214,94.925
213,96.08571428571429
204,96.25
230,96.5
117,96.55172413793103
119,96.86607142857143
136,96.86666666666666
207,96.90697674418605
422,97.0
200,97.3
219,97.36363636363636
250,97.77777777777777
150,98.96052631578948
140,99.4
148,99.54237288135593
2446,99.55555555555556
2451,99.6
2427,100.16666666666667
128,100.51428571428572
407,100.75
2432,100.88888888888889
225,100.96969696969697
209,101.02564102564102
137,101.49152542372882
2409,101.61111111111111
430,102.0
315,102.0909090909091
245,103.04347826086956
2418,103.47368421052632
2441,103.66666666666667
146,103.71153846153847
157,104.02083333333333
212,105.0
2445,105.1875
145,105.36363636363636
249,105.875
2423,107.23076923076923
152,107.42465753424658
2429,107.71428571428571
2442,108.11111111111111
201,109.38983050847457
2435,110.02857142857142
336,110.57142857142857
431,110.66666666666667
2410,111.37349397590361
2419,111.46153846153847
221,112.74074074074075
139,113.13698630136986
2452,113.25
2438,113.4
143,113.42622950819673
2434,114.0
130,114.14285714285714
144,114.32758620689656
2417,114.73333333333333
2453,115.125
2420,115.74545454545455
321,115.88888888888889
309,116.46153846153847
335,118.5
2458,118.63636363636364
301,118.93333333333334
255,119.08333333333333
135,119.38947368421053
2437,119.46153846153847
2527,120.33333333333333
155,120.6470588235294
2512,121.42857142857143
2538,121.5
305,121.61111111111111
2454,121.66666666666667
2414,121.75
405,121.75
2534,121.75
2500,122.2
2449,122.6
2519,122.66666666666667
211,122.97222222222223
2553,123.0
2459,123.33333333333333
2502,124.0
2455,124.33333333333333
220,124.91176470588235
2456,125.33333333333333
300,127.16666666666667
2415,127.4
251,127.57142857142857
322,127.66666666666667
306,127.82352941176471
2430,128.57142857142858
205,128.84615384615384
2508,129.66666666666666
2425,130.02941176470588
2507,132.0
2443,132.5
2514,132.6
210,133.0487804878049
2521,133.6
2526,134.0
252,134.28571428571428
2505,134.66666666666666
2515,134.95
2448,135.35294117647058
147,135.35416666666666
2450,135.8846153846154
2503,136.0
417,136.16666666666666
319,136.28571428571428
2619,137.0
2510,137.1904761904762
2557,138.0
314,140.33333333333334
2439,141.0
2447,142.14285714285714
2431,144.25
2457,145.14285714285714
2433,146.3125
318,146.63636363636363
2603,149.0
409,149.33333333333334
308,150.22222222222223
2530,150.8
310,151.21428571428572
406,151.57142857142858
412,152.5
2542,152.83333333333334
445,153.0
2541,154.0
401,154.2
2559,155.0
2440,155.61764705882354
2533,155.8
311,156.25
307,157.85714285714286
215,158.4878048780488
2605,159.0
2516,159.66666666666666
2532,160.0
2523,160.5
2549,161.0
2524,162.0
316,162.4
2551,165.0
2444,165.0
2607,166.0
2436,167.0
253,167.30769230769232
2525,168.42857142857142
2600,169.0
2543,169.0
2529,170.0
2506,170.0
2556,170.5
2517,171.0
352,171.0
304,171.10526315789474
248,171.52941176470588
2602,173.0
2547,173.66666666666666
2504,173.83333333333334
2552,174.0
2545,174.0
337,175.0
254,177.16666666666666
2621,178.0
2501,178.66666666666666
2520,179.9047619047619
2535,180.0
2536,181.0
2554,183.0
331,186.14285714285714
2528,186.6
2511,187.0
359,187.0
338,187.5
2647,188.5
2625,191.0
334,193.6
404,194.0
2555,195.0
303,198.33333333333334
312,200.0
2613,201.0
2635,201.5
2615,202.0
339,205.33333333333334
2642,206.0
2550,206.0
323,207.875
347,209.0
344,213.0
354,214.0
353,216.14285714285714
2616,218.5
410,219.0
349,220.16666666666666
346,220.66666666666666
348,222.0
2544,225.0
2522,225.5
327,226.5
328,226.85714285714286
324,227.3
320,228.27272727272728
2630,228.83333333333334
2629,231.0
2620,231.0
2638,231.0
2531,231.0
2628,236.0
350,237.0
356,237.0
326,238.66666666666666
2558,243.5
2722,244.0
2537,245.33333333333334
408,245.66666666666666
2540,249.42857142857142
2626,250.0
341,254.5
340,255.0
329,257.2
2509,259.5
2648,260.0
2700,264.0
2610,264.25
2631,264.5
325,265.0
423,265.0
2727,266.0
2658,269.0
345,274.5
351,278.0
330,280.8181818181818
2622,284.0
2608,285.0
2725,306.0
2639,313.0
2752,316.0
414,325.25
2617,331.0
424,334.0
343,346.0
333,354.0
428,362.0
2805,364.0
355,374.0
2703,396.0
435,429.0
416,434.0
415,483.6666666666667
2710,708.0
